  0
SECTION
  2
HEADER
  9
$ACADVER
  1
AC1015
  9
$ACADMAINTVER
 70
     6
  9
$DWGCODEPAGE
  3
ANSI_1252
  9
$INSBASE
 10
0.0
 20
0.0
 30
0.0
  9
$EXTMIN
 10
-201.0378782034
 20
-141.4229710093
 30
0.0
  9
$EXTMAX
 10
200.4921746085
 20
139.8744377364
 30
0.0
  9
$LIMMIN
 10
0.0
 20
0.0
  9
$LIMMAX
 10
420.0
 20
297.0
  9
$ORTHOMODE
 70
     0
  9
$REGENMODE
 70
     1
  9
$FILLMODE
 70
     1
  9
$QTEXTMODE
 70
     0
  9
$MIRRTEXT
 70
     1
  9
$LTSCALE
 40
1.0
  9
$ATTMODE
 70
     1
  9
$TEXTSIZE
 40
3.5
  9
$TRACEWID
 40
1.0
  9
$TEXTSTYLE
  7
Standard
  9
$CLAYER
  8
0
  9
$CELTYPE
  6
ByLayer
  9
$CECOLOR
 62
   256
  9
$CELTSCALE
 40
1.0
  9
$DISPSILH
 70
     0
  9
$DIMSCALE
 40
1.0
  9
$DIMASZ
 40
6.0
  9
$DIMEXO
 40
0.0
  9
$DIMDLI
 40
3.75
  9
$DIMRND
 40
0.0
  9
$DIMDLE
 40
0.0
  9
$DIMEXE
 40
1.0
  9
$DIMTP
 40
0.0
  9
$DIMTM
 40
0.0
  9
$DIMTXT
 40
3.5
  9
$DIMCEN
 40
2.5
  9
$DIMTSZ
 40
0.0
  9
$DIMTOL
 70
     0
  9
$DIMLIM
 70
     0
  9
$DIMTIH
 70
     1
  9
$DIMTOH
 70
     1
  9
$DIMSE1
 70
     0
  9
$DIMSE2
 70
     0
  9
$DIMTAD
 70
     1
  9
$DIMZIN
 70
     0
  9
$DIMBLK
  1

  9
$DIMASO
 70
     1
  9
$DIMSHO
 70
     1
  9
$DIMPOST
  1

  9
$DIMAPOST
  1

  9
$DIMALT
 70
     0
  9
$DIMALTD
 70
     3
  9
$DIMALTF
 40
0.0393700787
  9
$DIMLFAC
 40
1.0
  9
$DIMTOFL
 70
     1
  9
$DIMTVP
 40
0.0
  9
$DIMTIX
 70
     0
  9
$DIMSOXD
 70
     0
  9
$DIMSAH
 70
     0
  9
$DIMBLK1
  1

  9
$DIMBLK2
  1

  9
$DIMSTYLE
  2
ISO-25
  9
$DIMCLRD
 70
     0
  9
$DIMCLRE
 70
     0
  9
$DIMCLRT
 70
     0
  9
$DIMTFAC
 40
1.0
  9
$DIMGAP
 40
1.524
  9
$DIMJUST
 70
     0
  9
$DIMSD1
 70
     0
  9
$DIMSD2
 70
     0
  9
$DIMTOLJ
 70
     0
  9
$DIMTZIN
 70
     0
  9
$DIMALTZ
 70
     0
  9
$DIMALTTZ
 70
     0
  9
$DIMUPT
 70
     0
  9
$DIMDEC
 70
     2
  9
$DIMTDEC
 70
     2
  9
$DIMALTU
 70
     2
  9
$DIMALTTD
 70
     3
  9
$DIMTXSTY
  7
Standard
  9
$DIMAUNIT
 70
     0
  9
$DIMADEC
 70
     2
  9
$DIMALTRND
 40
0.0
  9
$DIMAZIN
 70
     0
  9
$DIMDSEP
 70
    44
  9
$DIMATFIT
 70
     3
  9
$DIMFRAC
 70
     0
  9
$DIMLDRBLK
  1

  9
$DIMLUNIT
 70
     2
  9
$DIMLWD
 70
    -2
  9
$DIMLWE
 70
    -2
  9
$DIMTMOVE
 70
     0
  9
$LUNITS
 70
     2
  9
$LUPREC
 70
     2
  9
$SKETCHINC
 40
1.0
  9
$FILLETRAD
 40
0.0
  9
$AUNITS
 70
     0
  9
$AUPREC
 70
     2
  9
$MENU
  1
.
  9
$ELEVATION
 40
0.0
  9
$PELEVATION
 40
0.0
  9
$THICKNESS
 40
0.0
  9
$LIMCHECK
 70
     0
  9
$CHAMFERA
 40
0.0
  9
$CHAMFERB
 40
0.0
  9
$CHAMFERC
 40
0.0
  9
$CHAMFERD
 40
0.0
  9
$SKPOLY
 70
     0
  9
$TDCREATE
 40
2460905.93808926
  9
$TDUCREATE
 40
2460905.43808926
  9
$TDUPDATE
 40
2460905.938709039
  9
$TDUUPDATE
 40
2460905.438709039
  9
$TDINDWG
 40
0.0000000116
  9
$TDUSRTIMER
 40
0.0000000116
  9
$USRTIMER
 70
     1
  9
$ANGBASE
 50
0.0
  9
$ANGDIR
 70
     0
  9
$PDMODE
 70
     0
  9
$PDSIZE
 40
-1.0
  9
$PLINEWID
 40
0.0
  9
$SPLFRAME
 70
     0
  9
$SPLINETYPE
 70
     6
  9
$SPLINESEGS
 70
     8
  9
$HANDSEED
  5
97A
  9
$SURFTAB1
 70
     6
  9
$SURFTAB2
 70
     6
  9
$SURFTYPE
 70
     6
  9
$SURFU
 70
     6
  9
$SURFV
 70
     6
  9
$UCSBASE
  2

  9
$UCSNAME
  2

  9
$UCSORG
 10
0.0
 20
0.0
 30
0.0
  9
$UCSXDIR
 10
1.0
 20
0.0
 30
0.0
  9
$UCSYDIR
 10
0.0
 20
1.0
 30
0.0
  9
$UCSORTHOREF
  2

  9
$UCSORTHOVIEW
 70
     0
  9
$UCSORGTOP
 10
0.0
 20
0.0
 30
0.0
  9
$UCSORGBOTTOM
 10
0.0
 20
0.0
 30
0.0
  9
$UCSORGLEFT
 10
0.0
 20
0.0
 30
0.0
  9
$UCSORGRIGHT
 10
0.0
 20
0.0
 30
0.0
  9
$UCSORGFRONT
 10
0.0
 20
0.0
 30
0.0
  9
$UCSORGBACK
 10
0.0
 20
0.0
 30
0.0
  9
$PUCSBASE
  2

  9
$PUCSNAME
  2

  9
$PUCSORG
 10
0.0
 20
0.0
 30
0.0
  9
$PUCSXDIR
 10
1.0
 20
0.0
 30
0.0
  9
$PUCSYDIR
 10
0.0
 20
1.0
 30
0.0
  9
$PUCSORTHOREF
  2

  9
$PUCSORTHOVIEW
 70
     0
  9
$PUCSORGTOP
 10
0.0
 20
0.0
 30
0.0
  9
$PUCSORGBOTTOM
 10
0.0
 20
0.0
 30
0.0
  9
$PUCSORGLEFT
 10
0.0
 20
0.0
 30
0.0
  9
$PUCSORGRIGHT
 10
0.0
 20
0.0
 30
0.0
  9
$PUCSORGFRONT
 10
0.0
 20
0.0
 30
0.0
  9
$PUCSORGBACK
 10
0.0
 20
0.0
 30
0.0
  9
$USERI1
 70
     0
  9
$USERI2
 70
     0
  9
$USERI3
 70
     0
  9
$USERI4
 70
     0
  9
$USERI5
 70
     0
  9
$USERR1
 40
0.0
  9
$USERR2
 40
0.0
  9
$USERR3
 40
0.0
  9
$USERR4
 40
0.0
  9
$USERR5
 40
0.0
  9
$WORLDVIEW
 70
     1
  9
$SHADEDGE
 70
     3
  9
$SHADEDIF
 70
    70
  9
$TILEMODE
 70
     1
  9
$MAXACTVP
 70
    64
  9
$PINSBASE
 10
0.0
 20
0.0
 30
0.0
  9
$PLIMCHECK
 70
     0
  9
$PEXTMIN
 10
1.0000000000E+20
 20
1.0000000000E+20
 30
1.0000000000E+20
  9
$PEXTMAX
 10
-1.0000000000E+20
 20
-1.0000000000E+20
 30
-1.0000000000E+20
  9
$PLIMMIN
 10
0.0
 20
0.0
  9
$PLIMMAX
 10
420.0
 20
297.0
  9
$UNITMODE
 70
     0
  9
$VISRETAIN
 70
     1
  9
$PLINEGEN
 70
     0
  9
$PSLTSCALE
 70
     1
  9
$TREEDEPTH
 70
  3020
  9
$CMLSTYLE
  2
Standard
  9
$CMLJUST
 70
     0
  9
$CMLSCALE
 40
20.0
  9
$PROXYGRAPHICS
 70
     1
  9
$MEASUREMENT
 70
     1
  9
$CELWEIGHT
370
    -1
  9
$ENDCAPS
280
     0
  9
$JOINSTYLE
280
     0
  9
$LWDISPLAY
290
     1
  9
$INSUNITS
 70
     4
  9
$HYPERLINKBASE
  1

  9
$STYLESHEET
  1

  9
$XEDIT
290
     1
  9
$CEPSNTYPE
380
     0
  9
$PSTYLEMODE
290
     1
  9
$FINGERPRINTGUID
  2
{ba9653c8-06a7-4b25-9dfe-98044e3bf13c}
  9
$VERSIONGUID
  2
{FAEB1C32-E019-11D5-929B-00C0DF256EC4}
  9
$EXTNAMES
290
     1
  9
$PSVPSCALE
 40
0.0
  9
$OLESTARTUP
290
     0
  0
ENDSEC
  0
SECTION
  2
CLASSES
  0
CLASS
  1
ACDBDICTIONARYWDFLT
  2
AcDbDictionaryWithDefault
  3
ObjectDBX Classes
 90
        0
280
     0
281
     0
  0
CLASS
  1
VISUALSTYLE
  2
AcDbVisualStyle
  3
ObjectDBX Classes
 90
     4095
280
     0
281
     0
  0
CLASS
  1
MATERIAL
  2
AcDbMaterial
  3
ObjectDBX Classes
 90
     1153
280
     0
281
     0
  0
CLASS
  1
SCALE
  2
AcDbScale
  3
ObjectDBX Classes
 90
     1153
280
     0
281
     0
  0
CLASS
  1
TABLESTYLE
  2
AcDbTableStyle
  3
ObjectDBX Classes
 90
     4095
280
     0
281
     0
  0
CLASS
  1
MLEADERSTYLE
  2
AcDbMLeaderStyle
  3
ACDB_MLEADERSTYLE_CLASS
 90
     4095
280
     0
281
     0
  0
CLASS
  1
SUN
  2
AcDbSun
  3
SCENEOE
 90
     1153
280
     0
281
     0
  0
CLASS
  1
ACDBPLACEHOLDER
  2
AcDbPlaceHolder
  3
ObjectDBX Classes
 90
        0
280
     0
281
     0
  0
CLASS
  1
LAYOUT
  2
AcDbLayout
  3
ObjectDBX Classes
 90
        0
280
     0
281
     0
  0
ENDSEC
  0
SECTION
  2
TABLES
  0
TABLE
  2
VPORT
  5
8
330
0
100
AcDbSymbolTable
 70
     1
  0
VPORT
  5
29
330
8
100
AcDbSymbolTableRecord
100
AcDbViewportTableRecord
  2
*Active
 70
     0
 10
0.0
 20
0.0
 11
1.0
 21
1.0
 12
-0.2728517974
 22
-0.7742666365
 13
0.0
 23
0.0
 14
10.0
 24
10.0
 15
10.0
 25
10.0
 16
0.0
 26
0.0
 36
1.0
 17
0.0
 27
0.0
 37
0.0
 40
286.9233569206
 41
1.4274217975
 42
50.0
 43
0.0
 44
0.0
 50
0.0
 51
0.0
 71
     0
 72
   100
 73
     1
 74
     3
 75
     0
 76
     0
 77
     0
 78
     0
281
     0
 65
     1
110
0.0
120
0.0
130
0.0
111
1.0
121
0.0
131
0.0
112
0.0
122
1.0
132
0.0
 79
     0
146
0.0
  0
ENDTAB
  0
TABLE
  2
LTYPE
  5
5
330
0
100
AcDbSymbolTable
 70
     6
  0
LTYPE
  5
14
330
5
100
AcDbSymbolTableRecord
100
AcDbLinetypeTableRecord
  2
ByBlock
 70
     0
  3

 72
    65
 73
     0
 40
0.0
  0
LTYPE
  5
15
330
5
100
AcDbSymbolTableRecord
100
AcDbLinetypeTableRecord
  2
ByLayer
 70
     0
  3

 72
    65
 73
     0
 40
0.0
  0
LTYPE
  5
16
330
5
100
AcDbSymbolTableRecord
100
AcDbLinetypeTableRecord
  2
Continuous
 70
     0
  3
Solid line
 72
    65
 73
     0
 40
0.0
  0
LTYPE
  5
5E
330
5
100
AcDbSymbolTableRecord
100
AcDbLinetypeTableRecord
  2
HIDDEN
 70
     0
  3
Hidden __ __ __ __ __ __ __ __ __ __ __ __ __ __
 72
    65
 73
     2
 40
1.905
 49
1.27
 74
     0
 49
-0.635
 74
     0
  0
LTYPE
  5
5F
330
5
100
AcDbSymbolTableRecord
100
AcDbLinetypeTableRecord
  2
PHANTOM
 70
     0
  3
Phantom ______  __  __  ______  __  __  ______
 72
    65
 73
     6
 40
12.7
 49
6.35
 74
     0
 49
-1.27
 74
     0
 49
1.27
 74
     0
 49
-1.27
 74
     0
 49
1.27
 74
     0
 49
-1.27
 74
     0
  0
LTYPE
  5
60
330
5
100
AcDbSymbolTableRecord
100
AcDbLinetypeTableRecord
  2
CENTER
 70
     0
  3
Center ____ _ ____ _ ____ _ ____ _ ____ _ ____
 72
    65
 73
     4
 40
10.16
 49
6.35
 74
     0
 49
-1.27
 74
     0
 49
1.27
 74
     0
 49
-1.27
 74
     0
  0
LTYPE
  5
61
330
5
100
AcDbSymbolTableRecord
100
AcDbLinetypeTableRecord
  2
CENTERX2
 70
     0
  3
Center (2x) ________  __  ________  __  _____
 72
    65
 73
     4
 40
20.32
 49
12.7
 74
     0
 49
-2.54
 74
     0
 49
2.54
 74
     0
 49
-2.54
 74
     0
  0
LTYPE
  5
62
330
5
100
AcDbSymbolTableRecord
100
AcDbLinetypeTableRecord
  2
DOT2
 70
     0
  3
Dot (.5x) ........................................
 72
    65
 73
     2
 40
0.635
 49
0.0
 74
     0
 49
-0.635
 74
     0
  0
ENDTAB
  0
TABLE
  2
LAYER
  5
2
330
0
100
AcDbSymbolTable
 70
     1
  0
LAYER
  5
10
330
2
100
AcDbSymbolTableRecord
100
AcDbLayerTableRecord
  2
0
 70
     0
 62
     7
  6
Continuous
370
    -3
390
F
  0
ENDTAB
  0
TABLE
  2
STYLE
  5
3
330
0
100
AcDbSymbolTable
 70
     2
  0
STYLE
  5
11
330
3
100
AcDbSymbolTableRecord
100
AcDbTextStyleTableRecord
  2
Standard
 70
     0
 40
0.0
 41
1.0
 50
0.0
 71
     0
 42
3.5
  3
txt
  4

  0
STYLE
  5
976
330
3
100
AcDbSymbolTableRecord
100
AcDbTextStyleTableRecord
  2
SLDTEXTSTYLE0
 70
     0
 40
0.0
 41
0.7
 50
0.0
 71
     0
 42
3.5
  3
TXT
  4

  0
ENDTAB
  0
TABLE
  2
VIEW
  5
6
330
0
100
AcDbSymbolTable
 70
     0
  0
ENDTAB
  0
TABLE
  2
UCS
  5
7
330
0
100
AcDbSymbolTable
 70
     0
  0
ENDTAB
  0
TABLE
  2
APPID
  5
9
330
0
100
AcDbSymbolTable
 70
     1
  0
APPID
  5
12
330
9
100
AcDbSymbolTableRecord
100
AcDbRegAppTableRecord
  2
ACAD
 70
     0
  0
ENDTAB
  0
TABLE
  2
DIMSTYLE
  5
A
330
0
100
AcDbSymbolTable
 70
     1
100
AcDbDimStyleTable
  0
DIMSTYLE
105
27
330
A
100
AcDbSymbolTableRecord
100
AcDbDimStyleTableRecord
  2
ISO-25
 70
     0
 41
2.5
 42
0.625
 43
3.75
 44
1.25
 73
     0
 74
     0
 77
     1
 78
     8
140
2.5
141
2.5
143
0.0393700787
147
0.625
171
     3
172
     1
178
     0
271
     2
272
     2
274
     3
278
    44
283
     0
284
     8
340
11
  0
ENDTAB
  0
TABLE
  2
BLOCK_RECORD
  5
1
330
0
100
AcDbSymbolTable
 70
     1
  0
BLOCK_RECORD
  5
1F
330
1
100
AcDbSymbolTableRecord
100
AcDbBlockTableRecord
  2
*Model_Space
340
22
  0
BLOCK_RECORD
  5
1B
330
1
100
AcDbSymbolTableRecord
100
AcDbBlockTableRecord
  2
*Paper_Space
340
1E
  0
BLOCK_RECORD
  5
23
330
1
100
AcDbSymbolTableRecord
100
AcDbBlockTableRecord
  2
*Paper_Space0
340
26
  0
ENDTAB
  0
ENDSEC
  0
SECTION
  2
BLOCKS
  0
BLOCK
  5
20
330
1F
100
AcDbEntity
  8
0
100
AcDbBlockBegin
  2
*Model_Space
 70
     0
 10
0.0
 20
0.0
 30
0.0
  3
*Model_Space
  1

  0
ENDBLK
  5
21
330
1F
100
AcDbEntity
  8
0
100
AcDbBlockEnd
  0
BLOCK
  5
1C
330
1B
100
AcDbEntity
 67
     1
  8
0
100
AcDbBlockBegin
  2
*Paper_Space
 70
     0
 10
0.0
 20
0.0
 30
0.0
  3
*Paper_Space
  1

  0
ENDBLK
  5
1D
330
1B
100
AcDbEntity
 67
     1
  8
0
100
AcDbBlockEnd
  0
BLOCK
  5
24
330
23
100
AcDbEntity
  8
0
100
AcDbBlockBegin
  2
*Paper_Space0
 70
     0
 10
0.0
 20
0.0
 30
0.0
  3
*Paper_Space0
  1

  0
ENDBLK
  5
25
330
23
100
AcDbEntity
  8
0
100
AcDbBlockEnd
  0
ENDSEC
  0
SECTION
  2
ENTITIES
  0
CIRCLE
  5
18B
330
1F
100
AcDbEntity
  8
0
  6
Continuous
 62
     7
370
    25
100
AcDbCircle
 10
185.4921746085
 20
103.9701029367
 30
0.0
 40
2.799999999999997
  0
CIRCLE
  5
18C
330
1F
100
AcDbEntity
  8
0
  6
Continuous
 62
     7
370
    25
100
AcDbCircle
 10
185.4921746085
 20
103.9701029367
 30
0.0
 40
14.99999999999997
  0
CIRCLE
  5
198
330
1F
100
AcDbEntity
  8
0
  6
Continuous
 62
     7
370
    25
100
AcDbCircle
 10
153.0804843228
 20
102.7372445353
 30
0.0
 40
15.00000000000004
  0
CIRCLE
  5
199
330
1F
100
AcDbEntity
  8
0
  6
Continuous
 62
     7
370
    25
100
AcDbCircle
 10
153.0804843228
 20
102.7372445353
 30
0.0
 40
2.799999999999997
  0
CIRCLE
  5
1AF
330
1F
100
AcDbEntity
  8
0
  6
Continuous
 62
     7
370
    25
100
AcDbCircle
 10
84.0632726039
 20
119.3110400552
 30
0.0
 40
14.99999999999999
  0
CIRCLE
  5
1B0
330
1F
100
AcDbEntity
  8
0
  6
Continuous
 62
     7
370
    25
100
AcDbCircle
 10
84.0632726039
 20
119.3110400552
 30
0.0
 40
2.799999999999997
  0
CIRCLE
  5
1DD
330
1F
100
AcDbEntity
  8
0
  6
Continuous
 62
     7
370
    25
100
AcDbCircle
 10
117.8577587385
 20
102.1859792839
 30
0.0
 40
15.00000000000004
  0
CIRCLE
  5
1DE
330
1F
100
AcDbEntity
  8
0
  6
Continuous
 62
     7
370
    25
100
AcDbCircle
 10
117.8577587385
 20
102.1859792839
 30
0.0
 40
2.800000000000011
  0
CIRCLE
  5
1FE
330
1F
100
AcDbEntity
  8
0
  6
Continuous
 62
     7
370
    25
100
AcDbCircle
 10
40.0616988461
 20
49.4726333913
 30
0.0
 40
14.99999999999999
  0
CIRCLE
  5
1FF
330
1F
100
AcDbEntity
  8
0
  6
Continuous
 62
     7
370
    25
100
AcDbCircle
 10
40.0616988461
 20
49.4726333913
 30
0.0
 40
2.799999999999997
  0
CIRCLE
  5
21E
330
1F
100
AcDbEntity
  8
0
  6
Continuous
 62
     7
370
    25
100
AcDbCircle
 10
24.4624682029
 20
82.1437179736
 30
0.0
 40
14.99999999999997
  0
CIRCLE
  5
21F
330
1F
100
AcDbEntity
  8
0
  6
Continuous
 62
     7
370
    25
100
AcDbCircle
 10
24.4624682029
 20
82.1437179736
 30
0.0
 40
2.799999999999997
  0
CIRCLE
  5
247
330
1F
100
AcDbEntity
  8
0
  6
Continuous
 62
     7
370
    25
100
AcDbCircle
 10
80.8237414109
 20
50.5253276241
 30
0.0
 40
2.799999999999984
  0
CIRCLE
  5
258
330
1F
100
AcDbEntity
  8
0
  6
Continuous
 62
     7
370
    25
100
AcDbCircle
 10
80.8237414109
 20
50.5253276241
 30
0.0
 40
15.00000000000002
  0
CIRCLE
  5
265
330
1F
100
AcDbEntity
  8
0
  6
Continuous
 62
     7
370
    25
100
AcDbCircle
 10
81.892077339
 20
84.5510607501
 30
0.0
 40
15.00000000000001
  0
CIRCLE
  5
266
330
1F
100
AcDbEntity
  8
0
  6
Continuous
 62
     7
370
    25
100
AcDbCircle
 10
81.892077339
 20
84.5510607501
 30
0.0
 40
2.799999999999997
  0
CIRCLE
  5
289
330
1F
100
AcDbEntity
  8
0
  6
Continuous
 62
     7
370
    25
100
AcDbCircle
 10
-139.4718100749
 20
93.6345221498
 30
0.0
 40
3.100000000000037
  0
CIRCLE
  5
2AA
330
1F
100
AcDbEntity
  8
0
  6
Continuous
 62
     7
370
    25
100
AcDbCircle
 10
-11.0878396158
 20
29.3714401297
 30
0.0
 40
3.099999999999998
  0
CIRCLE
  5
31C
330
1F
100
AcDbEntity
  8
0
  6
Continuous
 62
     7
370
    25
100
AcDbCircle
 10
-185.9483218026
 20
104.9744377364
 30
0.0
 40
3.100000000000009
  0
CIRCLE
  5
33F
330
1F
100
AcDbEntity
  8
0
  6
Continuous
 62
     7
370
    25
100
AcDbCircle
 10
-164.2735076485
 20
104.4581272834
 30
0.0
 40
3.100000000000023
  0
LWPOLYLINE
  5
387
330
1F
100
AcDbEntity
  8
0
  6
Continuous
 62
     7
370
    25
100
AcDbPolyline
 90
       25
 70
   128
 43
0.0
 10
-33.2187873992
 20
-60.1207911358
 10
-33.3898901717
 20
-60.5123697124
 10
-33.9002708734
 20
-60.8972482711
 10
-34.7411967489
 20
-61.2688414329
 10
-35.8982793235
 20
-61.6207911358
 10
-37.3517205933
 20
-61.9470754228
 10
-39.0766517754
 20
-62.2421114793
 10
-41.043558819
 20
-62.5008511566
 10
-43.2187873992
 20
-62.7188673471
 10
-45.5651187518
 20
-62.8924297333
 10
-48.0424064971
 20
-63.0185686146
 10
-50.6082635548
 20
-63.0951257199
 10
-53.2187873992
 20
-63.1207911358
 10
-55.8293112436
 20
-63.0951257199
 10
-58.3951683012
 20
-63.0185686146
 10
-60.8724560465
 20
-62.8924297333
 10
-63.2187873992
 20
-62.7188673471
 10
-65.3940159793
 20
-62.5008511566
 10
-67.3609230229
 20
-62.2421114793
 10
-69.085854205
 20
-61.9470754228
 10
-70.5392954748
 20
-61.6207911358
 10
-71.6963780494
 20
-61.2688414329
 10
-72.5373039249
 20
-60.8972482711
 10
-73.0476846266
 20
-60.5123697124
 10
-73.2187873992
 20
-60.1207911358
  0
LINE
  5
4F7
330
1F
100
AcDbEntity
  8
0
  6
Continuous
 62
     7
370
    25
100
AcDbLine
 10
-16.5112013839
 20
105.1951627509
 30
0.0
 11
-17.9112013839
 21
105.1951627509
 31
0.0
  0
LINE
  5
4F8
330
1F
100
AcDbEntity
  8
0
  6
Continuous
 62
     7
370
    25
100
AcDbLine
 10
-17.9112013839
 20
105.1951627509
 30
0.0
 11
-17.9112013839
 21
111.1951627509
 31
0.0
  0
LINE
  5
4F9
330
1F
100
AcDbEntity
  8
0
  6
Continuous
 62
     7
370
    25
100
AcDbLine
 10
-17.9112013839
 20
111.1951627509
 30
0.0
 11
-16.5112013839
 21
111.1951627509
 31
0.0
  0
LINE
  5
4FA
330
1F
100
AcDbEntity
  8
0
  6
Continuous
 62
     7
370
    25
100
AcDbLine
 10
-16.5112013839
 20
111.1951627509
 30
0.0
 11
-16.5112013839
 21
111.4451627509
 31
0.0
  0
LINE
  5
4FB
330
1F
100
AcDbEntity
  8
0
  6
Continuous
 62
     7
370
    25
100
AcDbLine
 10
-16.5112013839
 20
111.4451627509
 30
0.0
 11
14.4887986161
 21
111.4451627509
 31
0.0
  0
LINE
  5
4FC
330
1F
100
AcDbEntity
  8
0
  6
Continuous
 62
     7
370
    25
100
AcDbLine
 10
14.4887986161
 20
111.4451627509
 30
0.0
 11
14.4887986161
 21
110.9451627509
 31
0.0
  0
LINE
  5
4FD
330
1F
100
AcDbEntity
  8
0
  6
Continuous
 62
     7
370
    25
100
AcDbLine
 10
14.4887986161
 20
110.9451627509
 30
0.0
 11
15.8887986161
 21
110.9451627509
 31
0.0
  0
LINE
  5
4FE
330
1F
100
AcDbEntity
  8
0
  6
Continuous
 62
     7
370
    25
100
AcDbLine
 10
15.8887986161
 20
110.9451627509
 30
0.0
 11
15.8887986161
 21
104.9451627509
 31
0.0
  0
LINE
  5
4FF
330
1F
100
AcDbEntity
  8
0
  6
Continuous
 62
     7
370
    25
100
AcDbLine
 10
15.8887986161
 20
104.9451627509
 30
0.0
 11
14.4887986161
 21
104.9451627509
 31
0.0
  0
LINE
  5
500
330
1F
100
AcDbEntity
  8
0
  6
Continuous
 62
     7
370
    25
100
AcDbLine
 10
14.4887986161
 20
104.9451627509
 30
0.0
 11
14.4887986161
 21
103.4451627509
 31
0.0
  0
LINE
  5
501
330
1F
100
AcDbEntity
  8
0
  6
Continuous
 62
     7
370
    25
100
AcDbLine
 10
14.4887986161
 20
103.4451627509
 30
0.0
 11
-16.5112013839
 21
103.4451627509
 31
0.0
  0
LINE
  5
502
330
1F
100
AcDbEntity
  8
0
  6
Continuous
 62
     7
370
    25
100
AcDbLine
 10
-16.5112013839
 20
103.4451627509
 30
0.0
 11
-16.5112013839
 21
105.1951627509
 31
0.0
  0
LINE
  5
503
330
1F
100
AcDbEntity
  8
0
  6
Continuous
 62
     7
370
    25
100
AcDbLine
 10
-49.0362638746
 20
81.2515083504
 30
0.0
 11
-49.0267246185
 21
82.6514758509
 31
0.0
  0
LINE
  5
504
330
1F
100
AcDbEntity
  8
0
  6
Continuous
 62
     7
370
    25
100
AcDbLine
 10
-49.0267246185
 20
82.6514758509
 30
0.0
 11
-43.0268639019
 21
82.610593325
 31
0.0
  0
LINE
  5
505
330
1F
100
AcDbEntity
  8
0
  6
Continuous
 62
     7
370
    25
100
AcDbLine
 10
-43.0268639019
 20
82.610593325
 30
0.0
 11
-43.0364031579
 21
81.2106258244
 31
0.0
  0
LINE
  5
506
330
1F
100
AcDbEntity
  8
0
  6
Continuous
 62
     7
370
    25
100
AcDbLine
 10
-43.0364031579
 20
81.2106258244
 30
0.0
 11
-42.7864089614
 21
81.2089223859
 31
0.0
  0
LINE
  5
507
330
1F
100
AcDbEntity
  8
0
  6
Continuous
 62
     7
370
    25
100
AcDbLine
 10
-42.7864089614
 20
81.2089223859
 30
0.0
 11
-42.9976353453
 21
50.2096420166
 31
0.0
  0
LINE
  5
508
330
1F
100
AcDbEntity
  8
0
  6
Continuous
 62
     7
370
    25
100
AcDbLine
 10
-42.9976353453
 20
50.2096420166
 30
0.0
 11
-43.4976237384
 21
50.2130488937
 31
0.0
  0
LINE
  5
509
330
1F
100
AcDbEntity
  8
0
  6
Continuous
 62
     7
370
    25
100
AcDbLine
 10
-43.4976237384
 20
50.2130488937
 30
0.0
 11
-43.5071629944
 21
48.8130813932
 31
0.0
  0
LINE
  5
50A
330
1F
100
AcDbEntity
  8
0
  6
Continuous
 62
     7
370
    25
100
AcDbLine
 10
-43.5071629944
 20
48.8130813932
 30
0.0
 11
-49.507023711
 21
48.8539639191
 31
0.0
  0
LINE
  5
50B
330
1F
100
AcDbEntity
  8
0
  6
Continuous
 62
     7
370
    25
100
AcDbLine
 10
-49.507023711
 20
48.8539639191
 30
0.0
 11
-49.497484455
 21
50.2539314196
 31
0.0
  0
LINE
  5
50C
330
1F
100
AcDbEntity
  8
0
  6
Continuous
 62
     7
370
    25
100
AcDbLine
 10
-49.497484455
 20
50.2539314196
 30
0.0
 11
-50.9974496342
 21
50.2641520511
 31
0.0
  0
LINE
  5
50D
330
1F
100
AcDbEntity
  8
0
  6
Continuous
 62
     7
370
    25
100
AcDbLine
 10
-50.9974496342
 20
50.2641520511
 30
0.0
 11
-50.7862232503
 21
81.2634324204
 31
0.0
  0
LINE
  5
50E
330
1F
100
AcDbEntity
  8
0
  6
Continuous
 62
     7
370
    25
100
AcDbLine
 10
-50.7862232503
 20
81.2634324204
 30
0.0
 11
-49.0362638746
 21
81.2515083504
 31
0.0
  0
LINE
  5
50F
330
1F
100
AcDbEntity
  8
0
  6
Continuous
 62
     7
370
    25
100
AcDbLine
 10
48.3408743364
 20
69.8367178743
 30
0.0
 11
47.0408743364
 21
69.8367178743
 31
0.0
  0
LINE
  5
510
330
1F
100
AcDbEntity
  8
0
  6
Continuous
 62
     7
370
    25
100
AcDbLine
 10
47.0408743364
 20
69.8367178743
 30
0.0
 11
47.0408743364
 21
77.8367178743
 31
0.0
  0
LINE
  5
511
330
1F
100
AcDbEntity
  8
0
  6
Continuous
 62
     7
370
    25
100
AcDbLine
 10
47.0408743364
 20
77.8367178743
 30
0.0
 11
48.3408743364
 21
77.8367178743
 31
0.0
  0
LINE
  5
512
330
1F
100
AcDbEntity
  8
0
  6
Continuous
 62
     7
370
    25
100
AcDbLine
 10
48.3408743364
 20
77.8367178743
 30
0.0
 11
48.3408743364
 21
78.8367178743
 31
0.0
  0
LINE
  5
513
330
1F
100
AcDbEntity
  8
0
  6
Continuous
 62
     7
370
    25
100
AcDbLine
 10
48.3408743364
 20
78.8367178743
 30
0.0
 11
59.7408743364
 21
78.8367178743
 31
0.0
  0
LINE
  5
514
330
1F
100
AcDbEntity
  8
0
  6
Continuous
 62
     7
370
    25
100
AcDbLine
 10
59.7408743364
 20
78.8367178743
 30
0.0
 11
59.7408743364
 21
77.8367178743
 31
0.0
  0
LINE
  5
515
330
1F
100
AcDbEntity
  8
0
  6
Continuous
 62
     7
370
    25
100
AcDbLine
 10
59.7408743364
 20
77.8367178743
 30
0.0
 11
61.0408743364
 21
77.8367178743
 31
0.0
  0
LINE
  5
516
330
1F
100
AcDbEntity
  8
0
  6
Continuous
 62
     7
370
    25
100
AcDbLine
 10
61.0408743364
 20
77.8367178743
 30
0.0
 11
61.0408743364
 21
69.8367178743
 31
0.0
  0
LINE
  5
517
330
1F
100
AcDbEntity
  8
0
  6
Continuous
 62
     7
370
    25
100
AcDbLine
 10
61.0408743364
 20
69.8367178743
 30
0.0
 11
59.7408743364
 21
69.8367178743
 31
0.0
  0
LINE
  5
518
330
1F
100
AcDbEntity
  8
0
  6
Continuous
 62
     7
370
    25
100
AcDbLine
 10
59.7408743364
 20
69.8367178743
 30
0.0
 11
59.7408743364
 21
68.8367178743
 31
0.0
  0
LINE
  5
519
330
1F
100
AcDbEntity
  8
0
  6
Continuous
 62
     7
370
    25
100
AcDbLine
 10
59.7408743364
 20
68.8367178743
 30
0.0
 11
48.3408743364
 21
68.8367178743
 31
0.0
  0
LINE
  5
51A
330
1F
100
AcDbEntity
  8
0
  6
Continuous
 62
     7
370
    25
100
AcDbLine
 10
48.3408743364
 20
68.8367178743
 30
0.0
 11
48.3408743364
 21
69.8367178743
 31
0.0
  0
LINE
  5
51B
330
1F
100
AcDbEntity
  8
0
  6
Continuous
 62
     7
370
    25
100
AcDbLine
 10
-31.9933570323
 20
89.9003052706
 30
0.0
 11
-33.2933570323
 21
89.9003052706
 31
0.0
  0
LINE
  5
51C
330
1F
100
AcDbEntity
  8
0
  6
Continuous
 62
     7
370
    25
100
AcDbLine
 10
-33.2933570323
 20
89.9003052706
 30
0.0
 11
-33.2933570323
 21
97.9003052706
 31
0.0
  0
LINE
  5
51D
330
1F
100
AcDbEntity
  8
0
  6
Continuous
 62
     7
370
    25
100
AcDbLine
 10
-33.2933570323
 20
97.9003052706
 30
0.0
 11
-31.9933570323
 21
97.9003052706
 31
0.0
  0
LINE
  5
51E
330
1F
100
AcDbEntity
  8
0
  6
Continuous
 62
     7
370
    25
100
AcDbLine
 10
-31.9933570323
 20
97.9003052706
 30
0.0
 11
-31.9933570323
 21
98.9003052706
 31
0.0
  0
LINE
  5
51F
330
1F
100
AcDbEntity
  8
0
  6
Continuous
 62
     7
370
    25
100
AcDbLine
 10
-31.9933570323
 20
98.9003052706
 30
0.0
 11
-20.5933570323
 21
98.9003052706
 31
0.0
  0
LINE
  5
520
330
1F
100
AcDbEntity
  8
0
  6
Continuous
 62
     7
370
    25
100
AcDbLine
 10
-20.5933570323
 20
98.9003052706
 30
0.0
 11
-20.5933570323
 21
97.9003052706
 31
0.0
  0
LINE
  5
521
330
1F
100
AcDbEntity
  8
0
  6
Continuous
 62
     7
370
    25
100
AcDbLine
 10
-20.5933570323
 20
97.9003052706
 30
0.0
 11
-19.2933570323
 21
97.9003052706
 31
0.0
  0
LINE
  5
522
330
1F
100
AcDbEntity
  8
0
  6
Continuous
 62
     7
370
    25
100
AcDbLine
 10
-19.2933570323
 20
97.9003052706
 30
0.0
 11
-19.2933570323
 21
89.9003052706
 31
0.0
  0
LINE
  5
523
330
1F
100
AcDbEntity
  8
0
  6
Continuous
 62
     7
370
    25
100
AcDbLine
 10
-19.2933570323
 20
89.9003052706
 30
0.0
 11
-20.5933570323
 21
89.9003052706
 31
0.0
  0
LINE
  5
524
330
1F
100
AcDbEntity
  8
0
  6
Continuous
 62
     7
370
    25
100
AcDbLine
 10
-31.9933570323
 20
88.9003052706
 30
0.0
 11
-31.9933570323
 21
89.9003052706
 31
0.0
  0
LINE
  5
525
330
1F
100
AcDbEntity
  8
0
  6
Continuous
 62
     7
370
    25
100
AcDbLine
 10
-20.5933570323
 20
88.9003052706
 30
0.0
 11
-31.9933570323
 21
88.9003052706
 31
0.0
  0
LINE
  5
526
330
1F
100
AcDbEntity
  8
0
  6
Continuous
 62
     7
370
    25
100
AcDbLine
 10
-20.5933570323
 20
89.9003052706
 30
0.0
 11
-20.5933570323
 21
88.9003052706
 31
0.0
  0
LINE
  5
527
330
1F
100
AcDbEntity
  8
0
  6
Continuous
 62
     7
370
    25
100
AcDbLine
 10
-55.1762436483
 20
89.0306419831
 30
0.0
 11
-56.4762436483
 21
89.0306419831
 31
0.0
  0
LINE
  5
528
330
1F
100
AcDbEntity
  8
0
  6
Continuous
 62
     7
370
    25
100
AcDbLine
 10
-56.4762436483
 20
89.0306419831
 30
0.0
 11
-56.4762436483
 21
97.0306419831
 31
0.0
  0
LINE
  5
529
330
1F
100
AcDbEntity
  8
0
  6
Continuous
 62
     7
370
    25
100
AcDbLine
 10
-56.4762436483
 20
97.0306419831
 30
0.0
 11
-55.1762436483
 21
97.0306419831
 31
0.0
  0
LINE
  5
52A
330
1F
100
AcDbEntity
  8
0
  6
Continuous
 62
     7
370
    25
100
AcDbLine
 10
-55.1762436483
 20
97.0306419831
 30
0.0
 11
-55.1762436483
 21
98.0306419831
 31
0.0
  0
LINE
  5
52B
330
1F
100
AcDbEntity
  8
0
  6
Continuous
 62
     7
370
    25
100
AcDbLine
 10
-55.1762436483
 20
98.0306419831
 30
0.0
 11
-43.7762436483
 21
98.0306419831
 31
0.0
  0
LINE
  5
52C
330
1F
100
AcDbEntity
  8
0
  6
Continuous
 62
     7
370
    25
100
AcDbLine
 10
-43.7762436483
 20
98.0306419831
 30
0.0
 11
-43.7762436483
 21
97.0306419831
 31
0.0
  0
LINE
  5
52D
330
1F
100
AcDbEntity
  8
0
  6
Continuous
 62
     7
370
    25
100
AcDbLine
 10
-43.7762436483
 20
97.0306419831
 30
0.0
 11
-42.4762436483
 21
97.0306419831
 31
0.0
  0
LINE
  5
52E
330
1F
100
AcDbEntity
  8
0
  6
Continuous
 62
     7
370
    25
100
AcDbLine
 10
-42.4762436483
 20
97.0306419831
 30
0.0
 11
-42.4762436483
 21
89.0306419831
 31
0.0
  0
LINE
  5
52F
330
1F
100
AcDbEntity
  8
0
  6
Continuous
 62
     7
370
    25
100
AcDbLine
 10
-42.4762436483
 20
89.0306419831
 30
0.0
 11
-43.7762436483
 21
89.0306419831
 31
0.0
  0
LINE
  5
530
330
1F
100
AcDbEntity
  8
0
  6
Continuous
 62
     7
370
    25
100
AcDbLine
 10
-43.7762436483
 20
89.0306419831
 30
0.0
 11
-43.7762436483
 21
88.0306419831
 31
0.0
  0
LINE
  5
531
330
1F
100
AcDbEntity
  8
0
  6
Continuous
 62
     7
370
    25
100
AcDbLine
 10
-43.7762436483
 20
88.0306419831
 30
0.0
 11
-55.1762436483
 21
88.0306419831
 31
0.0
  0
LINE
  5
532
330
1F
100
AcDbEntity
  8
0
  6
Continuous
 62
     7
370
    25
100
AcDbLine
 10
-55.1762436483
 20
88.0306419831
 30
0.0
 11
-55.1762436483
 21
89.0306419831
 31
0.0
  0
LINE
  5
533
330
1F
100
AcDbEntity
  8
0
  6
Continuous
 62
     7
370
    25
100
AcDbLine
 10
-22.9475079433
 20
117.827273596
 30
0.0
 11
-24.2475079433
 21
117.827273596
 31
0.0
  0
LINE
  5
534
330
1F
100
AcDbEntity
  8
0
  6
Continuous
 62
     7
370
    25
100
AcDbLine
 10
-24.2475079433
 20
117.827273596
 30
0.0
 11
-24.2475079433
 21
125.827273596
 31
0.0
  0
LINE
  5
535
330
1F
100
AcDbEntity
  8
0
  6
Continuous
 62
     7
370
    25
100
AcDbLine
 10
-24.2475079433
 20
125.827273596
 30
0.0
 11
-22.9475079433
 21
125.827273596
 31
0.0
  0
LINE
  5
536
330
1F
100
AcDbEntity
  8
0
  6
Continuous
 62
     7
370
    25
100
AcDbLine
 10
-22.9475079433
 20
125.827273596
 30
0.0
 11
-22.9475079433
 21
126.827273596
 31
0.0
  0
LINE
  5
537
330
1F
100
AcDbEntity
  8
0
  6
Continuous
 62
     7
370
    25
100
AcDbLine
 10
-22.9475079433
 20
126.827273596
 30
0.0
 11
-11.5475079433
 21
126.827273596
 31
0.0
  0
LINE
  5
538
330
1F
100
AcDbEntity
  8
0
  6
Continuous
 62
     7
370
    25
100
AcDbLine
 10
-11.5475079433
 20
126.827273596
 30
0.0
 11
-11.5475079433
 21
125.827273596
 31
0.0
  0
LINE
  5
539
330
1F
100
AcDbEntity
  8
0
  6
Continuous
 62
     7
370
    25
100
AcDbLine
 10
-11.5475079433
 20
125.827273596
 30
0.0
 11
-10.2475079433
 21
125.827273596
 31
0.0
  0
LINE
  5
53A
330
1F
100
AcDbEntity
  8
0
  6
Continuous
 62
     7
370
    25
100
AcDbLine
 10
-10.2475079433
 20
125.827273596
 30
0.0
 11
-10.2475079433
 21
117.827273596
 31
0.0
  0
LINE
  5
53B
330
1F
100
AcDbEntity
  8
0
  6
Continuous
 62
     7
370
    25
100
AcDbLine
 10
-10.2475079433
 20
117.827273596
 30
0.0
 11
-11.5475079433
 21
117.827273596
 31
0.0
  0
LINE
  5
53C
330
1F
100
AcDbEntity
  8
0
  6
Continuous
 62
     7
370
    25
100
AcDbLine
 10
-11.5475079433
 20
117.827273596
 30
0.0
 11
-11.5475079433
 21
116.827273596
 31
0.0
  0
LINE
  5
53D
330
1F
100
AcDbEntity
  8
0
  6
Continuous
 62
     7
370
    25
100
AcDbLine
 10
-11.5475079433
 20
116.827273596
 30
0.0
 11
-22.9475079433
 21
116.827273596
 31
0.0
  0
LINE
  5
53E
330
1F
100
AcDbEntity
  8
0
  6
Continuous
 62
     7
370
    25
100
AcDbLine
 10
-22.9475079433
 20
116.827273596
 30
0.0
 11
-22.9475079433
 21
117.827273596
 31
0.0
  0
LINE
  5
53F
330
1F
100
AcDbEntity
  8
0
  6
Continuous
 62
     7
370
    25
100
AcDbLine
 10
49.5549124811
 20
121.7344551388
 30
0.0
 11
48.2549124811
 21
121.7344551388
 31
0.0
  0
LINE
  5
540
330
1F
100
AcDbEntity
  8
0
  6
Continuous
 62
     7
370
    25
100
AcDbLine
 10
48.2549124811
 20
121.7344551388
 30
0.0
 11
48.2549124811
 21
129.7344551388
 31
0.0
  0
LINE
  5
541
330
1F
100
AcDbEntity
  8
0
  6
Continuous
 62
     7
370
    25
100
AcDbLine
 10
48.2549124811
 20
129.7344551388
 30
0.0
 11
49.5549124811
 21
129.7344551388
 31
0.0
  0
LINE
  5
542
330
1F
100
AcDbEntity
  8
0
  6
Continuous
 62
     7
370
    25
100
AcDbLine
 10
49.5549124811
 20
129.7344551388
 30
0.0
 11
49.5549124811
 21
130.7344551388
 31
0.0
  0
LINE
  5
543
330
1F
100
AcDbEntity
  8
0
  6
Continuous
 62
     7
370
    25
100
AcDbLine
 10
49.5549124811
 20
130.7344551388
 30
0.0
 11
60.9549124811
 21
130.7344551388
 31
0.0
  0
LINE
  5
544
330
1F
100
AcDbEntity
  8
0
  6
Continuous
 62
     7
370
    25
100
AcDbLine
 10
60.9549124811
 20
130.7344551388
 30
0.0
 11
60.9549124811
 21
129.7344551388
 31
0.0
  0
LINE
  5
545
330
1F
100
AcDbEntity
  8
0
  6
Continuous
 62
     7
370
    25
100
AcDbLine
 10
60.9549124811
 20
129.7344551388
 30
0.0
 11
62.2549124811
 21
129.7344551388
 31
0.0
  0
LINE
  5
546
330
1F
100
AcDbEntity
  8
0
  6
Continuous
 62
     7
370
    25
100
AcDbLine
 10
62.2549124811
 20
129.7344551388
 30
0.0
 11
62.2549124811
 21
121.7344551388
 31
0.0
  0
LINE
  5
547
330
1F
100
AcDbEntity
  8
0
  6
Continuous
 62
     7
370
    25
100
AcDbLine
 10
62.2549124811
 20
121.7344551388
 30
0.0
 11
60.9549124811
 21
121.7344551388
 31
0.0
  0
LINE
  5
548
330
1F
100
AcDbEntity
  8
0
  6
Continuous
 62
     7
370
    25
100
AcDbLine
 10
60.9549124811
 20
121.7344551388
 30
0.0
 11
60.9549124811
 21
120.7344551388
 31
0.0
  0
LINE
  5
549
330
1F
100
AcDbEntity
  8
0
  6
Continuous
 62
     7
370
    25
100
AcDbLine
 10
60.9549124811
 20
120.7344551388
 30
0.0
 11
49.5549124811
 21
120.7344551388
 31
0.0
  0
LINE
  5
54A
330
1F
100
AcDbEntity
  8
0
  6
Continuous
 62
     7
370
    25
100
AcDbLine
 10
49.5549124811
 20
120.7344551388
 30
0.0
 11
49.5549124811
 21
121.7344551388
 31
0.0
  0
LINE
  5
54B
330
1F
100
AcDbEntity
  8
0
  6
Continuous
 62
     7
370
    25
100
AcDbLine
 10
-10.3271422504
 20
69.303377064
 30
0.0
 11
-11.6271422504
 21
69.303377064
 31
0.0
  0
LINE
  5
54C
330
1F
100
AcDbEntity
  8
0
  6
Continuous
 62
     7
370
    25
100
AcDbLine
 10
-11.6271422504
 20
69.303377064
 30
0.0
 11
-11.6271422504
 21
77.303377064
 31
0.0
  0
LINE
  5
54D
330
1F
100
AcDbEntity
  8
0
  6
Continuous
 62
     7
370
    25
100
AcDbLine
 10
-11.6271422504
 20
77.303377064
 30
0.0
 11
-10.3271422504
 21
77.303377064
 31
0.0
  0
LINE
  5
54E
330
1F
100
AcDbEntity
  8
0
  6
Continuous
 62
     7
370
    25
100
AcDbLine
 10
-10.3271422504
 20
77.303377064
 30
0.0
 11
-10.3271422504
 21
78.303377064
 31
0.0
  0
LINE
  5
54F
330
1F
100
AcDbEntity
  8
0
  6
Continuous
 62
     7
370
    25
100
AcDbLine
 10
-10.3271422504
 20
78.303377064
 30
0.0
 11
1.0728577496
 21
78.303377064
 31
0.0
  0
LINE
  5
550
330
1F
100
AcDbEntity
  8
0
  6
Continuous
 62
     7
370
    25
100
AcDbLine
 10
1.0728577496
 20
78.303377064
 30
0.0
 11
1.0728577496
 21
77.303377064
 31
0.0
  0
LINE
  5
551
330
1F
100
AcDbEntity
  8
0
  6
Continuous
 62
     7
370
    25
100
AcDbLine
 10
1.0728577496
 20
77.303377064
 30
0.0
 11
2.3728577496
 21
77.303377064
 31
0.0
  0
LINE
  5
552
330
1F
100
AcDbEntity
  8
0
  6
Continuous
 62
     7
370
    25
100
AcDbLine
 10
2.3728577496
 20
77.303377064
 30
0.0
 11
2.3728577496
 21
69.303377064
 31
0.0
  0
LINE
  5
553
330
1F
100
AcDbEntity
  8
0
  6
Continuous
 62
     7
370
    25
100
AcDbLine
 10
2.3728577496
 20
69.303377064
 30
0.0
 11
1.0728577496
 21
69.303377064
 31
0.0
  0
LINE
  5
554
330
1F
100
AcDbEntity
  8
0
  6
Continuous
 62
     7
370
    25
100
AcDbLine
 10
1.0728577496
 20
69.303377064
 30
0.0
 11
1.0728577496
 21
68.303377064
 31
0.0
  0
LINE
  5
555
330
1F
100
AcDbEntity
  8
0
  6
Continuous
 62
     7
370
    25
100
AcDbLine
 10
1.0728577496
 20
68.303377064
 30
0.0
 11
-10.3271422504
 21
68.303377064
 31
0.0
  0
LINE
  5
556
330
1F
100
AcDbEntity
  8
0
  6
Continuous
 62
     7
370
    25
100
AcDbLine
 10
-10.3271422504
 20
68.303377064
 30
0.0
 11
-10.3271422504
 21
69.303377064
 31
0.0
  0
LINE
  5
557
330
1F
100
AcDbEntity
  8
0
  6
Continuous
 62
     7
370
    25
100
AcDbLine
 10
-115.4866237527
 20
71.8774400904
 30
0.0
 11
-116.7866237527
 21
71.8774400904
 31
0.0
  0
LINE
  5
558
330
1F
100
AcDbEntity
  8
0
  6
Continuous
 62
     7
370
    25
100
AcDbLine
 10
-116.7866237527
 20
71.8774400904
 30
0.0
 11
-116.7866237527
 21
79.8774400904
 31
0.0
  0
LINE
  5
559
330
1F
100
AcDbEntity
  8
0
  6
Continuous
 62
     7
370
    25
100
AcDbLine
 10
-116.7866237527
 20
79.8774400904
 30
0.0
 11
-115.4866237527
 21
79.8774400904
 31
0.0
  0
LINE
  5
55A
330
1F
100
AcDbEntity
  8
0
  6
Continuous
 62
     7
370
    25
100
AcDbLine
 10
-115.4866237527
 20
79.8774400904
 30
0.0
 11
-115.4866237527
 21
80.8774400904
 31
0.0
  0
LINE
  5
55B
330
1F
100
AcDbEntity
  8
0
  6
Continuous
 62
     7
370
    25
100
AcDbLine
 10
-115.4866237527
 20
80.8774400904
 30
0.0
 11
-104.0866237527
 21
80.8774400904
 31
0.0
  0
LINE
  5
55C
330
1F
100
AcDbEntity
  8
0
  6
Continuous
 62
     7
370
    25
100
AcDbLine
 10
-104.0866237527
 20
80.8774400904
 30
0.0
 11
-104.0866237527
 21
79.8774400904
 31
0.0
  0
LINE
  5
55D
330
1F
100
AcDbEntity
  8
0
  6
Continuous
 62
     7
370
    25
100
AcDbLine
 10
-104.0866237527
 20
79.8774400904
 30
0.0
 11
-102.7866237527
 21
79.8774400904
 31
0.0
  0
LINE
  5
55E
330
1F
100
AcDbEntity
  8
0
  6
Continuous
 62
     7
370
    25
100
AcDbLine
 10
-102.7866237527
 20
79.8774400904
 30
0.0
 11
-102.7866237527
 21
71.8774400904
 31
0.0
  0
LINE
  5
55F
330
1F
100
AcDbEntity
  8
0
  6
Continuous
 62
     7
370
    25
100
AcDbLine
 10
-102.7866237527
 20
71.8774400904
 30
0.0
 11
-104.0866237527
 21
71.8774400904
 31
0.0
  0
LINE
  5
560
330
1F
100
AcDbEntity
  8
0
  6
Continuous
 62
     7
370
    25
100
AcDbLine
 10
-104.0866237527
 20
71.8774400904
 30
0.0
 11
-104.0866237527
 21
70.8774400904
 31
0.0
  0
LINE
  5
561
330
1F
100
AcDbEntity
  8
0
  6
Continuous
 62
     7
370
    25
100
AcDbLine
 10
-104.0866237527
 20
70.8774400904
 30
0.0
 11
-115.4866237527
 21
70.8774400904
 31
0.0
  0
LINE
  5
562
330
1F
100
AcDbEntity
  8
0
  6
Continuous
 62
     7
370
    25
100
AcDbLine
 10
-115.4866237527
 20
70.8774400904
 30
0.0
 11
-115.4866237527
 21
71.8774400904
 31
0.0
  0
LINE
  5
563
330
1F
100
AcDbEntity
  8
0
  6
Continuous
 62
     7
370
    25
100
AcDbLine
 10
49.1082832801
 20
87.0255710705
 30
0.0
 11
47.8082832801
 21
87.0255710705
 31
0.0
  0
LINE
  5
564
330
1F
100
AcDbEntity
  8
0
  6
Continuous
 62
     7
370
    25
100
AcDbLine
 10
47.8082832801
 20
87.0255710705
 30
0.0
 11
47.8082832801
 21
95.0255710705
 31
0.0
  0
LINE
  5
565
330
1F
100
AcDbEntity
  8
0
  6
Continuous
 62
     7
370
    25
100
AcDbLine
 10
47.8082832801
 20
95.0255710705
 30
0.0
 11
49.1082832801
 21
95.0255710705
 31
0.0
  0
LINE
  5
566
330
1F
100
AcDbEntity
  8
0
  6
Continuous
 62
     7
370
    25
100
AcDbLine
 10
49.1082832801
 20
95.0255710705
 30
0.0
 11
49.1082832801
 21
96.0255710705
 31
0.0
  0
LINE
  5
567
330
1F
100
AcDbEntity
  8
0
  6
Continuous
 62
     7
370
    25
100
AcDbLine
 10
49.1082832801
 20
96.0255710705
 30
0.0
 11
60.5082832801
 21
96.0255710705
 31
0.0
  0
LINE
  5
568
330
1F
100
AcDbEntity
  8
0
  6
Continuous
 62
     7
370
    25
100
AcDbLine
 10
60.5082832801
 20
96.0255710705
 30
0.0
 11
60.5082832801
 21
95.0255710705
 31
0.0
  0
LINE
  5
569
330
1F
100
AcDbEntity
  8
0
  6
Continuous
 62
     7
370
    25
100
AcDbLine
 10
60.5082832801
 20
95.0255710705
 30
0.0
 11
61.8082832801
 21
95.0255710705
 31
0.0
  0
LINE
  5
56A
330
1F
100
AcDbEntity
  8
0
  6
Continuous
 62
     7
370
    25
100
AcDbLine
 10
61.8082832801
 20
95.0255710705
 30
0.0
 11
61.8082832801
 21
87.0255710705
 31
0.0
  0
LINE
  5
56B
330
1F
100
AcDbEntity
  8
0
  6
Continuous
 62
     7
370
    25
100
AcDbLine
 10
61.8082832801
 20
87.0255710705
 30
0.0
 11
60.5082832801
 21
87.0255710705
 31
0.0
  0
LINE
  5
56C
330
1F
100
AcDbEntity
  8
0
  6
Continuous
 62
     7
370
    25
100
AcDbLine
 10
60.5082832801
 20
87.0255710705
 30
0.0
 11
60.5082832801
 21
86.0255710705
 31
0.0
  0
LINE
  5
56D
330
1F
100
AcDbEntity
  8
0
  6
Continuous
 62
     7
370
    25
100
AcDbLine
 10
60.5082832801
 20
86.0255710705
 30
0.0
 11
49.1082832801
 21
86.0255710705
 31
0.0
  0
LINE
  5
56E
330
1F
100
AcDbEntity
  8
0
  6
Continuous
 62
     7
370
    25
100
AcDbLine
 10
49.1082832801
 20
86.0255710705
 30
0.0
 11
49.1082832801
 21
87.0255710705
 31
0.0
  0
LINE
  5
56F
330
1F
100
AcDbEntity
  8
0
  6
Continuous
 62
     7
370
    25
100
AcDbLine
 10
23.7639469164
 20
104.6150128291
 30
0.0
 11
22.4639469164
 21
104.6150128291
 31
0.0
  0
LINE
  5
570
330
1F
100
AcDbEntity
  8
0
  6
Continuous
 62
     7
370
    25
100
AcDbLine
 10
22.4639469164
 20
104.6150128291
 30
0.0
 11
22.4639469164
 21
112.6150128291
 31
0.0
  0
LINE
  5
571
330
1F
100
AcDbEntity
  8
0
  6
Continuous
 62
     7
370
    25
100
AcDbLine
 10
22.4639469164
 20
112.6150128291
 30
0.0
 11
23.7639469164
 21
112.6150128291
 31
0.0
  0
LINE
  5
572
330
1F
100
AcDbEntity
  8
0
  6
Continuous
 62
     7
370
    25
100
AcDbLine
 10
23.7639469164
 20
112.6150128291
 30
0.0
 11
23.7639469164
 21
113.6150128291
 31
0.0
  0
LINE
  5
573
330
1F
100
AcDbEntity
  8
0
  6
Continuous
 62
     7
370
    25
100
AcDbLine
 10
23.7639469164
 20
113.6150128291
 30
0.0
 11
35.1639469164
 21
113.6150128291
 31
0.0
  0
LINE
  5
574
330
1F
100
AcDbEntity
  8
0
  6
Continuous
 62
     7
370
    25
100
AcDbLine
 10
35.1639469164
 20
113.6150128291
 30
0.0
 11
35.1639469164
 21
112.6150128291
 31
0.0
  0
LINE
  5
575
330
1F
100
AcDbEntity
  8
0
  6
Continuous
 62
     7
370
    25
100
AcDbLine
 10
35.1639469164
 20
112.6150128291
 30
0.0
 11
36.4639469164
 21
112.6150128291
 31
0.0
  0
LINE
  5
576
330
1F
100
AcDbEntity
  8
0
  6
Continuous
 62
     7
370
    25
100
AcDbLine
 10
36.4639469164
 20
112.6150128291
 30
0.0
 11
36.4639469164
 21
104.6150128291
 31
0.0
  0
LINE
  5
577
330
1F
100
AcDbEntity
  8
0
  6
Continuous
 62
     7
370
    25
100
AcDbLine
 10
36.4639469164
 20
104.6150128291
 30
0.0
 11
35.1639469164
 21
104.6150128291
 31
0.0
  0
LINE
  5
578
330
1F
100
AcDbEntity
  8
0
  6
Continuous
 62
     7
370
    25
100
AcDbLine
 10
35.1639469164
 20
104.6150128291
 30
0.0
 11
35.1639469164
 21
103.6150128291
 31
0.0
  0
LINE
  5
579
330
1F
100
AcDbEntity
  8
0
  6
Continuous
 62
     7
370
    25
100
AcDbLine
 10
23.7639469164
 20
103.6150128291
 30
0.0
 11
23.7639469164
 21
104.6150128291
 31
0.0
  0
LINE
  5
57A
330
1F
100
AcDbEntity
  8
0
  6
Continuous
 62
     7
370
    25
100
AcDbLine
 10
35.1639469164
 20
103.6150128291
 30
0.0
 11
23.7639469164
 21
103.6150128291
 31
0.0
  0
LINE
  5
57B
330
1F
100
AcDbEntity
  8
0
  6
Continuous
 62
     7
370
    25
100
AcDbLine
 10
-118.1915579563
 20
130.2388433567
 30
0.0
 11
-119.4915579563
 21
130.2388433567
 31
0.0
  0
LINE
  5
57C
330
1F
100
AcDbEntity
  8
0
  6
Continuous
 62
     7
370
    25
100
AcDbLine
 10
-119.4915579563
 20
130.2388433567
 30
0.0
 11
-119.4915579563
 21
138.2388433567
 31
0.0
  0
LINE
  5
57D
330
1F
100
AcDbEntity
  8
0
  6
Continuous
 62
     7
370
    25
100
AcDbLine
 10
-119.4915579563
 20
138.2388433567
 30
0.0
 11
-118.1915579563
 21
138.2388433567
 31
0.0
  0
LINE
  5
57E
330
1F
100
AcDbEntity
  8
0
  6
Continuous
 62
     7
370
    25
100
AcDbLine
 10
-118.1915579563
 20
138.2388433567
 30
0.0
 11
-118.1915579563
 21
139.2388433567
 31
0.0
  0
LINE
  5
57F
330
1F
100
AcDbEntity
  8
0
  6
Continuous
 62
     7
370
    25
100
AcDbLine
 10
-118.1915579563
 20
139.2388433567
 30
0.0
 11
-106.7915579563
 21
139.2388433567
 31
0.0
  0
LINE
  5
580
330
1F
100
AcDbEntity
  8
0
  6
Continuous
 62
     7
370
    25
100
AcDbLine
 10
-106.7915579563
 20
139.2388433567
 30
0.0
 11
-106.7915579563
 21
138.2388433567
 31
0.0
  0
LINE
  5
581
330
1F
100
AcDbEntity
  8
0
  6
Continuous
 62
     7
370
    25
100
AcDbLine
 10
-106.7915579563
 20
138.2388433567
 30
0.0
 11
-105.4915579563
 21
138.2388433567
 31
0.0
  0
LINE
  5
582
330
1F
100
AcDbEntity
  8
0
  6
Continuous
 62
     7
370
    25
100
AcDbLine
 10
-105.4915579563
 20
138.2388433567
 30
0.0
 11
-105.4915579563
 21
130.2388433567
 31
0.0
  0
LINE
  5
583
330
1F
100
AcDbEntity
  8
0
  6
Continuous
 62
     7
370
    25
100
AcDbLine
 10
-105.4915579563
 20
130.2388433567
 30
0.0
 11
-106.7915579563
 21
130.2388433567
 31
0.0
  0
LINE
  5
584
330
1F
100
AcDbEntity
  8
0
  6
Continuous
 62
     7
370
    25
100
AcDbLine
 10
-106.7915579563
 20
130.2388433567
 30
0.0
 11
-106.7915579563
 21
129.2388433567
 31
0.0
  0
LINE
  5
585
330
1F
100
AcDbEntity
  8
0
  6
Continuous
 62
     7
370
    25
100
AcDbLine
 10
-106.7915579563
 20
129.2388433567
 30
0.0
 11
-118.1915579563
 21
129.2388433567
 31
0.0
  0
LINE
  5
586
330
1F
100
AcDbEntity
  8
0
  6
Continuous
 62
     7
370
    25
100
AcDbLine
 10
-118.1915579563
 20
129.2388433567
 30
0.0
 11
-118.1915579563
 21
130.2388433567
 31
0.0
  0
LINE
  5
587
330
1F
100
AcDbEntity
  8
0
  6
Continuous
 62
     7
370
    25
100
AcDbLine
 10
-1.6526865452
 20
118.1413970118
 30
0.0
 11
-2.9526865452
 21
118.1413970118
 31
0.0
  0
LINE
  5
588
330
1F
100
AcDbEntity
  8
0
  6
Continuous
 62
     7
370
    25
100
AcDbLine
 10
-2.9526865452
 20
118.1413970118
 30
0.0
 11
-2.9526865452
 21
126.1413970118
 31
0.0
  0
LINE
  5
589
330
1F
100
AcDbEntity
  8
0
  6
Continuous
 62
     7
370
    25
100
AcDbLine
 10
-2.9526865452
 20
126.1413970118
 30
0.0
 11
-1.6526865452
 21
126.1413970118
 31
0.0
  0
LINE
  5
58A
330
1F
100
AcDbEntity
  8
0
  6
Continuous
 62
     7
370
    25
100
AcDbLine
 10
-1.6526865452
 20
126.1413970118
 30
0.0
 11
-1.6526865452
 21
127.1413970118
 31
0.0
  0
LINE
  5
58B
330
1F
100
AcDbEntity
  8
0
  6
Continuous
 62
     7
370
    25
100
AcDbLine
 10
-1.6526865452
 20
127.1413970118
 30
0.0
 11
9.7473134548
 21
127.1413970118
 31
0.0
  0
LINE
  5
58C
330
1F
100
AcDbEntity
  8
0
  6
Continuous
 62
     7
370
    25
100
AcDbLine
 10
9.7473134548
 20
127.1413970118
 30
0.0
 11
9.7473134548
 21
126.1413970118
 31
0.0
  0
LINE
  5
58D
330
1F
100
AcDbEntity
  8
0
  6
Continuous
 62
     7
370
    25
100
AcDbLine
 10
9.7473134548
 20
126.1413970118
 30
0.0
 11
11.0473134548
 21
126.1413970118
 31
0.0
  0
LINE
  5
58E
330
1F
100
AcDbEntity
  8
0
  6
Continuous
 62
     7
370
    25
100
AcDbLine
 10
11.0473134548
 20
126.1413970118
 30
0.0
 11
11.0473134548
 21
118.1413970118
 31
0.0
  0
LINE
  5
58F
330
1F
100
AcDbEntity
  8
0
  6
Continuous
 62
     7
370
    25
100
AcDbLine
 10
11.0473134548
 20
118.1413970118
 30
0.0
 11
9.7473134548
 21
118.1413970118
 31
0.0
  0
LINE
  5
590
330
1F
100
AcDbEntity
  8
0
  6
Continuous
 62
     7
370
    25
100
AcDbLine
 10
9.7473134548
 20
118.1413970118
 30
0.0
 11
9.7473134548
 21
117.1413970118
 31
0.0
  0
LINE
  5
591
330
1F
100
AcDbEntity
  8
0
  6
Continuous
 62
     7
370
    25
100
AcDbLine
 10
9.7473134548
 20
117.1413970118
 30
0.0
 11
-1.6526865452
 21
117.1413970118
 31
0.0
  0
LINE
  5
592
330
1F
100
AcDbEntity
  8
0
  6
Continuous
 62
     7
370
    25
100
AcDbLine
 10
-1.6526865452
 20
117.1413970118
 30
0.0
 11
-1.6526865452
 21
118.1413970118
 31
0.0
  0
LINE
  5
593
330
1F
100
AcDbEntity
  8
0
  6
Continuous
 62
     7
370
    25
100
AcDbLine
 10
-114.5630661968
 20
88.0282122399
 30
0.0
 11
-115.8630661968
 21
88.0282122399
 31
0.0
  0
LINE
  5
594
330
1F
100
AcDbEntity
  8
0
  6
Continuous
 62
     7
370
    25
100
AcDbLine
 10
-114.5630661968
 20
96.0282122399
 30
0.0
 11
-114.5630661968
 21
97.0282122399
 31
0.0
  0
LINE
  5
595
330
1F
100
AcDbEntity
  8
0
  6
Continuous
 62
     7
370
    25
100
AcDbLine
 10
-114.5630661968
 20
97.0282122399
 30
0.0
 11
-103.1630661968
 21
97.0282122399
 31
0.0
  0
LINE
  5
596
330
1F
100
AcDbEntity
  8
0
  6
Continuous
 62
     7
370
    25
100
AcDbLine
 10
-103.1630661968
 20
97.0282122399
 30
0.0
 11
-103.1630661968
 21
96.0282122399
 31
0.0
  0
LINE
  5
597
330
1F
100
AcDbEntity
  8
0
  6
Continuous
 62
     7
370
    25
100
AcDbLine
 10
-103.1630661968
 20
96.0282122399
 30
0.0
 11
-101.8630661968
 21
96.0282122399
 31
0.0
  0
LINE
  5
598
330
1F
100
AcDbEntity
  8
0
  6
Continuous
 62
     7
370
    25
100
AcDbLine
 10
-101.8630661968
 20
96.0282122399
 30
0.0
 11
-101.8630661968
 21
88.0282122399
 31
0.0
  0
LINE
  5
599
330
1F
100
AcDbEntity
  8
0
  6
Continuous
 62
     7
370
    25
100
AcDbLine
 10
-101.8630661968
 20
88.0282122399
 30
0.0
 11
-103.1630661968
 21
88.0282122399
 31
0.0
  0
LINE
  5
59A
330
1F
100
AcDbEntity
  8
0
  6
Continuous
 62
     7
370
    25
100
AcDbLine
 10
-103.1630661968
 20
88.0282122399
 30
0.0
 11
-103.1630661968
 21
87.0282122399
 31
0.0
  0
LINE
  5
59B
330
1F
100
AcDbEntity
  8
0
  6
Continuous
 62
     7
370
    25
100
AcDbLine
 10
-103.1630661968
 20
87.0282122399
 30
0.0
 11
-114.5630661968
 21
87.0282122399
 31
0.0
  0
LINE
  5
59C
330
1F
100
AcDbEntity
  8
0
  6
Continuous
 62
     7
370
    25
100
AcDbLine
 10
-114.5630661968
 20
87.0282122399
 30
0.0
 11
-114.5630661968
 21
88.0282122399
 31
0.0
  0
LINE
  5
59D
330
1F
100
AcDbEntity
  8
0
  6
Continuous
 62
     7
370
    25
100
AcDbLine
 10
-115.8630661968
 20
88.0282122399
 30
0.0
 11
-115.8630661968
 21
96.0282122399
 31
0.0
  0
LINE
  5
59E
330
1F
100
AcDbEntity
  8
0
  6
Continuous
 62
     7
370
    25
100
AcDbLine
 10
-115.8630661968
 20
96.0282122399
 30
0.0
 11
-114.5630661968
 21
96.0282122399
 31
0.0
  0
LINE
  5
59F
330
1F
100
AcDbEntity
  8
0
  6
Continuous
 62
     7
370
    25
100
AcDbLine
 10
24.0608196328
 20
117.5569385295
 30
0.0
 11
22.7608196328
 21
117.5569385295
 31
0.0
  0
LINE
  5
5A0
330
1F
100
AcDbEntity
  8
0
  6
Continuous
 62
     7
370
    25
100
AcDbLine
 10
22.7608196328
 20
117.5569385295
 30
0.0
 11
22.7608196328
 21
125.5569385295
 31
0.0
  0
LINE
  5
5A1
330
1F
100
AcDbEntity
  8
0
  6
Continuous
 62
     7
370
    25
100
AcDbLine
 10
22.7608196328
 20
125.5569385295
 30
0.0
 11
24.0608196328
 21
125.5569385295
 31
0.0
  0
LINE
  5
5A2
330
1F
100
AcDbEntity
  8
0
  6
Continuous
 62
     7
370
    25
100
AcDbLine
 10
24.0608196328
 20
125.5569385295
 30
0.0
 11
24.0608196328
 21
126.5569385295
 31
0.0
  0
LINE
  5
5A3
330
1F
100
AcDbEntity
  8
0
  6
Continuous
 62
     7
370
    25
100
AcDbLine
 10
24.0608196328
 20
126.5569385295
 30
0.0
 11
35.4608196328
 21
126.5569385295
 31
0.0
  0
LINE
  5
5A4
330
1F
100
AcDbEntity
  8
0
  6
Continuous
 62
     7
370
    25
100
AcDbLine
 10
35.4608196328
 20
126.5569385295
 30
0.0
 11
35.4608196328
 21
125.5569385295
 31
0.0
  0
LINE
  5
5A5
330
1F
100
AcDbEntity
  8
0
  6
Continuous
 62
     7
370
    25
100
AcDbLine
 10
35.4608196328
 20
125.5569385295
 30
0.0
 11
36.7608196328
 21
125.5569385295
 31
0.0
  0
LINE
  5
5A6
330
1F
100
AcDbEntity
  8
0
  6
Continuous
 62
     7
370
    25
100
AcDbLine
 10
36.7608196328
 20
125.5569385295
 30
0.0
 11
36.7608196328
 21
117.5569385295
 31
0.0
  0
LINE
  5
5A7
330
1F
100
AcDbEntity
  8
0
  6
Continuous
 62
     7
370
    25
100
AcDbLine
 10
36.7608196328
 20
117.5569385295
 30
0.0
 11
35.4608196328
 21
117.5569385295
 31
0.0
  0
LINE
  5
5A8
330
1F
100
AcDbEntity
  8
0
  6
Continuous
 62
     7
370
    25
100
AcDbLine
 10
35.4608196328
 20
117.5569385295
 30
0.0
 11
35.4608196328
 21
116.5569385295
 31
0.0
  0
LINE
  5
5A9
330
1F
100
AcDbEntity
  8
0
  6
Continuous
 62
     7
370
    25
100
AcDbLine
 10
35.4608196328
 20
116.5569385295
 30
0.0
 11
24.0608196328
 21
116.5569385295
 31
0.0
  0
LINE
  5
5AA
330
1F
100
AcDbEntity
  8
0
  6
Continuous
 62
     7
370
    25
100
AcDbLine
 10
24.0608196328
 20
116.5569385295
 30
0.0
 11
24.0608196328
 21
117.5569385295
 31
0.0
  0
LINE
  5
5AB
330
1F
100
AcDbEntity
  8
0
  6
Continuous
 62
     7
370
    25
100
AcDbLine
 10
-39.4251560912
 20
102.8878713549
 30
0.0
 11
-40.7251560912
 21
102.8878713549
 31
0.0
  0
LINE
  5
5AC
330
1F
100
AcDbEntity
  8
0
  6
Continuous
 62
     7
370
    25
100
AcDbLine
 10
-40.7251560912
 20
102.8878713549
 30
0.0
 11
-40.7251560912
 21
110.8878713549
 31
0.0
  0
LINE
  5
5AD
330
1F
100
AcDbEntity
  8
0
  6
Continuous
 62
     7
370
    25
100
AcDbLine
 10
-40.7251560912
 20
110.8878713549
 30
0.0
 11
-39.4251560912
 21
110.8878713549
 31
0.0
  0
LINE
  5
5AE
330
1F
100
AcDbEntity
  8
0
  6
Continuous
 62
     7
370
    25
100
AcDbLine
 10
-39.4251560912
 20
110.8878713549
 30
0.0
 11
-39.4251560912
 21
111.8878713549
 31
0.0
  0
LINE
  5
5AF
330
1F
100
AcDbEntity
  8
0
  6
Continuous
 62
     7
370
    25
100
AcDbLine
 10
-39.4251560912
 20
111.8878713549
 30
0.0
 11
-28.0251560912
 21
111.8878713549
 31
0.0
  0
LINE
  5
5B0
330
1F
100
AcDbEntity
  8
0
  6
Continuous
 62
     7
370
    25
100
AcDbLine
 10
-28.0251560912
 20
111.8878713549
 30
0.0
 11
-28.0251560912
 21
110.8878713549
 31
0.0
  0
LINE
  5
5B1
330
1F
100
AcDbEntity
  8
0
  6
Continuous
 62
     7
370
    25
100
AcDbLine
 10
-28.0251560912
 20
110.8878713549
 30
0.0
 11
-26.7251560912
 21
110.8878713549
 31
0.0
  0
LINE
  5
5B2
330
1F
100
AcDbEntity
  8
0
  6
Continuous
 62
     7
370
    25
100
AcDbLine
 10
-26.7251560912
 20
110.8878713549
 30
0.0
 11
-26.7251560912
 21
102.8878713549
 31
0.0
  0
LINE
  5
5B3
330
1F
100
AcDbEntity
  8
0
  6
Continuous
 62
     7
370
    25
100
AcDbLine
 10
-26.7251560912
 20
102.8878713549
 30
0.0
 11
-28.0251560912
 21
102.8878713549
 31
0.0
  0
LINE
  5
5B4
330
1F
100
AcDbEntity
  8
0
  6
Continuous
 62
     7
370
    25
100
AcDbLine
 10
-28.0251560912
 20
102.8878713549
 30
0.0
 11
-28.0251560912
 21
101.8878713549
 31
0.0
  0
LINE
  5
5B5
330
1F
100
AcDbEntity
  8
0
  6
Continuous
 62
     7
370
    25
100
AcDbLine
 10
-28.0251560912
 20
101.8878713549
 30
0.0
 11
-39.4251560912
 21
101.8878713549
 31
0.0
  0
LINE
  5
5B6
330
1F
100
AcDbEntity
  8
0
  6
Continuous
 62
     7
370
    25
100
AcDbLine
 10
-39.4251560912
 20
101.8878713549
 30
0.0
 11
-39.4251560912
 21
102.8878713549
 31
0.0
  0
LINE
  5
5B7
330
1F
100
AcDbEntity
  8
0
  6
Continuous
 62
     7
370
    25
100
AcDbLine
 10
2.821076719
 20
96.4521136785
 30
0.0
 11
4.121076719
 21
96.4521136785
 31
0.0
  0
LINE
  5
5B8
330
1F
100
AcDbEntity
  8
0
  6
Continuous
 62
     7
370
    25
100
AcDbLine
 10
4.121076719
 20
96.4521136785
 30
0.0
 11
4.121076719
 21
88.4521136785
 31
0.0
  0
LINE
  5
5B9
330
1F
100
AcDbEntity
  8
0
  6
Continuous
 62
     7
370
    25
100
AcDbLine
 10
4.121076719
 20
88.4521136785
 30
0.0
 11
2.821076719
 21
88.4521136785
 31
0.0
  0
LINE
  5
5BA
330
1F
100
AcDbEntity
  8
0
  6
Continuous
 62
     7
370
    25
100
AcDbLine
 10
2.821076719
 20
88.4521136785
 30
0.0
 11
2.821076719
 21
87.4521136785
 31
0.0
  0
LINE
  5
5BB
330
1F
100
AcDbEntity
  8
0
  6
Continuous
 62
     7
370
    25
100
AcDbLine
 10
2.821076719
 20
87.4521136785
 30
0.0
 11
-8.578923281
 21
87.4521136785
 31
0.0
  0
LINE
  5
5BC
330
1F
100
AcDbEntity
  8
0
  6
Continuous
 62
     7
370
    25
100
AcDbLine
 10
-8.578923281
 20
87.4521136785
 30
0.0
 11
-8.578923281
 21
88.4521136785
 31
0.0
  0
LINE
  5
5BD
330
1F
100
AcDbEntity
  8
0
  6
Continuous
 62
     7
370
    25
100
AcDbLine
 10
-8.578923281
 20
88.4521136785
 30
0.0
 11
-9.878923281
 21
88.4521136785
 31
0.0
  0
LINE
  5
5BE
330
1F
100
AcDbEntity
  8
0
  6
Continuous
 62
     7
370
    25
100
AcDbLine
 10
-9.878923281
 20
88.4521136785
 30
0.0
 11
-9.878923281
 21
96.4521136785
 31
0.0
  0
LINE
  5
5BF
330
1F
100
AcDbEntity
  8
0
  6
Continuous
 62
     7
370
    25
100
AcDbLine
 10
-9.878923281
 20
96.4521136785
 30
0.0
 11
-8.578923281
 21
96.4521136785
 31
0.0
  0
LINE
  5
5C0
330
1F
100
AcDbEntity
  8
0
  6
Continuous
 62
     7
370
    25
100
AcDbLine
 10
-8.578923281
 20
96.4521136785
 30
0.0
 11
-8.578923281
 21
97.4521136785
 31
0.0
  0
LINE
  5
5C1
330
1F
100
AcDbEntity
  8
0
  6
Continuous
 62
     7
370
    25
100
AcDbLine
 10
-8.578923281
 20
97.4521136785
 30
0.0
 11
2.821076719
 21
97.4521136785
 31
0.0
  0
LINE
  5
5C2
330
1F
100
AcDbEntity
  8
0
  6
Continuous
 62
     7
370
    25
100
AcDbLine
 10
2.821076719
 20
97.4521136785
 30
0.0
 11
2.821076719
 21
96.4521136785
 31
0.0
  0
LINE
  5
5C3
330
1F
100
AcDbEntity
  8
0
  6
Continuous
 62
     7
370
    25
100
AcDbLine
 10
-45.7738617456
 20
118.7400522788
 30
0.0
 11
-47.0738617456
 21
118.7400522788
 31
0.0
  0
LINE
  5
5C4
330
1F
100
AcDbEntity
  8
0
  6
Continuous
 62
     7
370
    25
100
AcDbLine
 10
-47.0738617456
 20
118.7400522788
 30
0.0
 11
-47.0738617456
 21
126.7400522788
 31
0.0
  0
LINE
  5
5C5
330
1F
100
AcDbEntity
  8
0
  6
Continuous
 62
     7
370
    25
100
AcDbLine
 10
-47.0738617456
 20
126.7400522788
 30
0.0
 11
-45.7738617456
 21
126.7400522788
 31
0.0
  0
LINE
  5
5C6
330
1F
100
AcDbEntity
  8
0
  6
Continuous
 62
     7
370
    25
100
AcDbLine
 10
-45.7738617456
 20
126.7400522788
 30
0.0
 11
-45.7738617456
 21
127.7400522788
 31
0.0
  0
LINE
  5
5C7
330
1F
100
AcDbEntity
  8
0
  6
Continuous
 62
     7
370
    25
100
AcDbLine
 10
-45.7738617456
 20
127.7400522788
 30
0.0
 11
-34.3738617456
 21
127.7400522788
 31
0.0
  0
LINE
  5
5C8
330
1F
100
AcDbEntity
  8
0
  6
Continuous
 62
     7
370
    25
100
AcDbLine
 10
-34.3738617456
 20
127.7400522788
 30
0.0
 11
-34.3738617456
 21
126.7400522788
 31
0.0
  0
LINE
  5
5C9
330
1F
100
AcDbEntity
  8
0
  6
Continuous
 62
     7
370
    25
100
AcDbLine
 10
-34.3738617456
 20
126.7400522788
 30
0.0
 11
-33.0738617456
 21
126.7400522788
 31
0.0
  0
LINE
  5
5CA
330
1F
100
AcDbEntity
  8
0
  6
Continuous
 62
     7
370
    25
100
AcDbLine
 10
-33.0738617456
 20
126.7400522788
 30
0.0
 11
-33.0738617456
 21
118.7400522788
 31
0.0
  0
LINE
  5
5CB
330
1F
100
AcDbEntity
  8
0
  6
Continuous
 62
     7
370
    25
100
AcDbLine
 10
-33.0738617456
 20
118.7400522788
 30
0.0
 11
-34.3738617456
 21
118.7400522788
 31
0.0
  0
LINE
  5
5CC
330
1F
100
AcDbEntity
  8
0
  6
Continuous
 62
     7
370
    25
100
AcDbLine
 10
-34.3738617456
 20
118.7400522788
 30
0.0
 11
-34.3738617456
 21
117.7400522788
 31
0.0
  0
LINE
  5
5CD
330
1F
100
AcDbEntity
  8
0
  6
Continuous
 62
     7
370
    25
100
AcDbLine
 10
-34.3738617456
 20
117.7400522788
 30
0.0
 11
-45.7738617456
 21
117.7400522788
 31
0.0
  0
LINE
  5
5CE
330
1F
100
AcDbEntity
  8
0
  6
Continuous
 62
     7
370
    25
100
AcDbLine
 10
-45.7738617456
 20
117.7400522788
 30
0.0
 11
-45.7738617456
 21
118.7400522788
 31
0.0
  0
LINE
  5
5CF
330
1F
100
AcDbEntity
  8
0
  6
Continuous
 62
     7
370
    25
100
AcDbLine
 10
-46.4968441298
 20
30.5140466998
 30
0.0
 11
-26.4968441298
 21
30.5140466998
 31
0.0
  0
LINE
  5
5D0
330
1F
100
AcDbEntity
  8
0
  6
Continuous
 62
     7
370
    25
100
AcDbLine
 10
-47.8968441298
 20
32.5140466998
 30
0.0
 11
-46.4968441298
 21
32.5140466998
 31
0.0
  0
LINE
  5
5D1
330
1F
100
AcDbEntity
  8
0
  6
Continuous
 62
     7
370
    25
100
AcDbLine
 10
-47.8968441298
 20
38.5140466998
 30
0.0
 11
-47.8968441298
 21
32.5140466998
 31
0.0
  0
LINE
  5
5D2
330
1F
100
AcDbEntity
  8
0
  6
Continuous
 62
     7
370
    25
100
AcDbLine
 10
-46.4968441298
 20
38.5140466998
 30
0.0
 11
-47.8968441298
 21
38.5140466998
 31
0.0
  0
LINE
  5
5D3
330
1F
100
AcDbEntity
  8
0
  6
Continuous
 62
     7
370
    25
100
AcDbLine
 10
-26.4968441298
 20
44.5140466998
 30
0.0
 11
-46.4968441298
 21
44.5140466998
 31
0.0
  0
LINE
  5
5D4
330
1F
100
AcDbEntity
  8
0
  6
Continuous
 62
     7
370
    25
100
AcDbLine
 10
-26.4968441298
 20
38.5140466998
 30
0.0
 11
-26.4968441298
 21
44.5140466998
 31
0.0
  0
LINE
  5
5D5
330
1F
100
AcDbEntity
  8
0
  6
Continuous
 62
     7
370
    25
100
AcDbLine
 10
-25.0968441298
 20
38.5140466998
 30
0.0
 11
-26.4968441298
 21
38.5140466998
 31
0.0
  0
LINE
  5
5D6
330
1F
100
AcDbEntity
  8
0
  6
Continuous
 62
     7
370
    25
100
AcDbLine
 10
-25.0968441298
 20
32.5140466998
 30
0.0
 11
-25.0968441298
 21
38.5140466998
 31
0.0
  0
LINE
  5
5D7
330
1F
100
AcDbEntity
  8
0
  6
Continuous
 62
     7
370
    25
100
AcDbLine
 10
-26.4968441298
 20
32.5140466998
 30
0.0
 11
-25.0968441298
 21
32.5140466998
 31
0.0
  0
LINE
  5
5D8
330
1F
100
AcDbEntity
  8
0
  6
Continuous
 62
     7
370
    25
100
AcDbLine
 10
-46.4968441298
 20
44.5140466998
 30
0.0
 11
-46.4968441298
 21
38.5140466998
 31
0.0
  0
LINE
  5
5D9
330
1F
100
AcDbEntity
  8
0
  6
Continuous
 62
     7
370
    25
100
AcDbLine
 10
-26.4968441298
 20
30.5140466998
 30
0.0
 11
-26.4968441298
 21
32.5140466998
 31
0.0
  0
LINE
  5
5DA
330
1F
100
AcDbEntity
  8
0
  6
Continuous
 62
     7
370
    25
100
AcDbLine
 10
-46.4968441298
 20
32.5140466998
 30
0.0
 11
-46.4968441298
 21
30.5140466998
 31
0.0
  0
LINE
  5
5DB
330
1F
100
AcDbEntity
  8
0
  6
Continuous
 62
     7
370
    25
100
AcDbLine
 10
43.7250501218
 20
103.5401723136
 30
0.0
 11
45.1250501218
 21
103.5401723136
 31
0.0
  0
LINE
  5
5DC
330
1F
100
AcDbEntity
  8
0
  6
Continuous
 62
     7
370
    25
100
AcDbLine
 10
45.1250501218
 20
115.5401723136
 30
0.0
 11
45.1250501218
 21
109.5401723136
 31
0.0
  0
LINE
  5
5DD
330
1F
100
AcDbEntity
  8
0
  6
Continuous
 62
     7
370
    25
100
AcDbLine
 10
45.1250501218
 20
109.5401723136
 30
0.0
 11
43.7250501218
 21
109.5401723136
 31
0.0
  0
LINE
  5
5DE
330
1F
100
AcDbEntity
  8
0
  6
Continuous
 62
     7
370
    25
100
AcDbLine
 10
65.1250501218
 20
109.5401723136
 30
0.0
 11
65.1250501218
 21
115.5401723136
 31
0.0
  0
LINE
  5
5DF
330
1F
100
AcDbEntity
  8
0
  6
Continuous
 62
     7
370
    25
100
AcDbLine
 10
65.1250501218
 20
101.5401723136
 30
0.0
 11
65.1250501218
 21
103.5401723136
 31
0.0
  0
LINE
  5
5E0
330
1F
100
AcDbEntity
  8
0
  6
Continuous
 62
     7
370
    25
100
AcDbLine
 10
66.5250501218
 20
103.5401723136
 30
0.0
 11
66.5250501218
 21
109.5401723136
 31
0.0
  0
LINE
  5
5E1
330
1F
100
AcDbEntity
  8
0
  6
Continuous
 62
     7
370
    25
100
AcDbLine
 10
66.5250501218
 20
109.5401723136
 30
0.0
 11
65.1250501218
 21
109.5401723136
 31
0.0
  0
LINE
  5
5E2
330
1F
100
AcDbEntity
  8
0
  6
Continuous
 62
     7
370
    25
100
AcDbLine
 10
45.1250501218
 20
103.5401723136
 30
0.0
 11
45.1250501218
 21
101.5401723136
 31
0.0
  0
LINE
  5
5E3
330
1F
100
AcDbEntity
  8
0
  6
Continuous
 62
     7
370
    25
100
AcDbLine
 10
43.7250501218
 20
109.5401723136
 30
0.0
 11
43.7250501218
 21
103.5401723136
 31
0.0
  0
LINE
  5
5E4
330
1F
100
AcDbEntity
  8
0
  6
Continuous
 62
     7
370
    25
100
AcDbLine
 10
45.1250501218
 20
101.5401723136
 30
0.0
 11
65.1250501218
 21
101.5401723136
 31
0.0
  0
LINE
  5
5E5
330
1F
100
AcDbEntity
  8
0
  6
Continuous
 62
     7
370
    25
100
AcDbLine
 10
65.1250501218
 20
115.5401723136
 30
0.0
 11
45.1250501218
 21
115.5401723136
 31
0.0
  0
LINE
  5
5E6
330
1F
100
AcDbEntity
  8
0
  6
Continuous
 62
     7
370
    25
100
AcDbLine
 10
65.1250501218
 20
103.5401723136
 30
0.0
 11
66.5250501218
 21
103.5401723136
 31
0.0
  0
LINE
  5
5E7
330
1F
100
AcDbEntity
  8
0
  6
Continuous
 62
     7
370
    25
100
AcDbLine
 10
-30.1253844599
 20
22.5424540353
 30
0.0
 11
-30.1253844599
 21
24.5424540353
 31
0.0
  0
LINE
  5
5E8
330
1F
100
AcDbEntity
  8
0
  6
Continuous
 62
     7
370
    25
100
AcDbLine
 10
-28.7253844599
 20
22.5424540353
 30
0.0
 11
-30.1253844599
 21
22.5424540353
 31
0.0
  0
LINE
  5
5E9
330
1F
100
AcDbEntity
  8
0
  6
Continuous
 62
     7
370
    25
100
AcDbLine
 10
-28.7253844599
 20
14.5424540353
 30
0.0
 11
-28.7253844599
 21
22.5424540353
 31
0.0
  0
LINE
  5
5EA
330
1F
100
AcDbEntity
  8
0
  6
Continuous
 62
     7
370
    25
100
AcDbLine
 10
-30.1253844599
 20
14.5424540353
 30
0.0
 11
-28.7253844599
 21
14.5424540353
 31
0.0
  0
LINE
  5
5EB
330
1F
100
AcDbEntity
  8
0
  6
Continuous
 62
     7
370
    25
100
AcDbLine
 10
-30.1253844599
 20
12.5424540353
 30
0.0
 11
-30.1253844599
 21
14.5424540353
 31
0.0
  0
LINE
  5
5EC
330
1F
100
AcDbEntity
  8
0
  6
Continuous
 62
     7
370
    25
100
AcDbLine
 10
-61.1253844599
 20
12.5424540353
 30
0.0
 11
-30.1253844599
 21
12.5424540353
 31
0.0
  0
LINE
  5
5ED
330
1F
100
AcDbEntity
  8
0
  6
Continuous
 62
     7
370
    25
100
AcDbLine
 10
-61.1253844599
 20
14.5424540353
 30
0.0
 11
-61.1253844599
 21
12.5424540353
 31
0.0
  0
LINE
  5
5EE
330
1F
100
AcDbEntity
  8
0
  6
Continuous
 62
     7
370
    25
100
AcDbLine
 10
-62.5253844599
 20
14.5424540353
 30
0.0
 11
-61.1253844599
 21
14.5424540353
 31
0.0
  0
LINE
  5
5EF
330
1F
100
AcDbEntity
  8
0
  6
Continuous
 62
     7
370
    25
100
AcDbLine
 10
-62.5253844599
 20
22.5424540353
 30
0.0
 11
-62.5253844599
 21
14.5424540353
 31
0.0
  0
LINE
  5
5F0
330
1F
100
AcDbEntity
  8
0
  6
Continuous
 62
     7
370
    25
100
AcDbLine
 10
-61.1253844599
 20
22.5424540353
 30
0.0
 11
-62.5253844599
 21
22.5424540353
 31
0.0
  0
LINE
  5
5F1
330
1F
100
AcDbEntity
  8
0
  6
Continuous
 62
     7
370
    25
100
AcDbLine
 10
-61.1253844599
 20
24.5424540353
 30
0.0
 11
-61.1253844599
 21
22.5424540353
 31
0.0
  0
LINE
  5
5F2
330
1F
100
AcDbEntity
  8
0
  6
Continuous
 62
     7
370
    25
100
AcDbLine
 10
-30.1253844599
 20
24.5424540353
 30
0.0
 11
-61.1253844599
 21
24.5424540353
 31
0.0
  0
LINE
  5
5F3
330
1F
100
AcDbEntity
  8
0
  6
Continuous
 62
     7
370
    25
100
AcDbLine
 10
-33.6112466195
 20
49.2008799509
 30
0.0
 11
-25.6112466195
 21
49.2008799509
 31
0.0
  0
LINE
  5
5F4
330
1F
100
AcDbEntity
  8
0
  6
Continuous
 62
     7
370
    25
100
AcDbLine
 10
-33.6112466195
 20
83.0008799509
 30
0.0
 11
-33.6112466195
 21
81.6008799509
 31
0.0
  0
LINE
  5
5F5
330
1F
100
AcDbEntity
  8
0
  6
Continuous
 62
     7
370
    25
100
AcDbLine
 10
-25.6112466195
 20
83.0008799509
 30
0.0
 11
-33.6112466195
 21
83.0008799509
 31
0.0
  0
LINE
  5
5F6
330
1F
100
AcDbEntity
  8
0
  6
Continuous
 62
     7
370
    25
100
AcDbLine
 10
-25.6112466195
 20
81.6008799509
 30
0.0
 11
-25.6112466195
 21
83.0008799509
 31
0.0
  0
LINE
  5
5F7
330
1F
100
AcDbEntity
  8
0
  6
Continuous
 62
     7
370
    25
100
AcDbLine
 10
-35.6112466195
 20
50.6008799509
 30
0.0
 11
-33.6112466195
 21
50.6008799509
 31
0.0
  0
LINE
  5
5F8
330
1F
100
AcDbEntity
  8
0
  6
Continuous
 62
     7
370
    25
100
AcDbLine
 10
-33.6112466195
 20
50.6008799509
 30
0.0
 11
-33.6112466195
 21
49.2008799509
 31
0.0
  0
LINE
  5
5F9
330
1F
100
AcDbEntity
  8
0
  6
Continuous
 62
     7
370
    25
100
AcDbLine
 10
-25.6112466195
 20
49.2008799509
 30
0.0
 11
-25.6112466195
 21
50.6008799509
 31
0.0
  0
LINE
  5
5FA
330
1F
100
AcDbEntity
  8
0
  6
Continuous
 62
     7
370
    25
100
AcDbLine
 10
-35.6112466195
 20
81.6008799509
 30
0.0
 11
-35.6112466195
 21
50.6008799509
 31
0.0
  0
LINE
  5
5FB
330
1F
100
AcDbEntity
  8
0
  6
Continuous
 62
     7
370
    25
100
AcDbLine
 10
-23.6112466195
 20
81.6008799509
 30
0.0
 11
-25.6112466195
 21
81.6008799509
 31
0.0
  0
LINE
  5
5FC
330
1F
100
AcDbEntity
  8
0
  6
Continuous
 62
     7
370
    25
100
AcDbLine
 10
-23.6112466195
 20
50.6008799509
 30
0.0
 11
-23.6112466195
 21
81.6008799509
 31
0.0
  0
LINE
  5
5FD
330
1F
100
AcDbEntity
  8
0
  6
Continuous
 62
     7
370
    25
100
AcDbLine
 10
-33.6112466195
 20
81.6008799509
 30
0.0
 11
-35.6112466195
 21
81.6008799509
 31
0.0
  0
LINE
  5
5FE
330
1F
100
AcDbEntity
  8
0
  6
Continuous
 62
     7
370
    25
100
AcDbLine
 10
-25.6112466195
 20
50.6008799509
 30
0.0
 11
-23.6112466195
 21
50.6008799509
 31
0.0
  0
LINE
  5
5FF
330
1F
100
AcDbEntity
  8
0
  6
Continuous
 62
     7
370
    25
100
AcDbLine
 10
184.9921746085
 20
108.9701029367
 30
0.0
 11
184.9921746085
 21
116.9701029367
 31
0.0
  0
LINE
  5
600
330
1F
100
AcDbEntity
  8
0
  6
Continuous
 62
     7
370
    25
100
AcDbLine
 10
185.9921746085
 20
108.9701029367
 30
0.0
 11
185.9921746085
 21
116.9701029367
 31
0.0
  0
LINE
  5
601
330
1F
100
AcDbEntity
  8
0
  6
Continuous
 62
     7
370
    25
100
AcDbLine
 10
181.603087312
 20
100.7881224214
 30
0.0
 11
182.3101940932
 21
100.0810156402
 31
0.0
  0
LINE
  5
602
330
1F
100
AcDbEntity
  8
0
  6
Continuous
 62
     7
370
    25
100
AcDbLine
 10
185.9921746085
 20
90.9701029367
 30
0.0
 11
184.9921746085
 21
90.9701029367
 31
0.0
  0
LINE
  5
603
330
1F
100
AcDbEntity
  8
0
  6
Continuous
 62
     7
370
    25
100
AcDbLine
 10
188.6741551239
 20
100.0810156402
 30
0.0
 11
189.381261905
 21
100.7881224214
 31
0.0
  0
LINE
  5
604
330
1F
100
AcDbEntity
  8
0
  6
Continuous
 62
     7
370
    25
100
AcDbLine
 10
198.4921746085
 20
104.4701029367
 30
0.0
 11
190.4921746085
 21
104.4701029367
 31
0.0
  0
LINE
  5
605
330
1F
100
AcDbEntity
  8
0
  6
Continuous
 62
     7
370
    25
100
AcDbLine
 10
175.9462330625
 20
112.8089377015
 30
0.0
 11
181.603087312
 21
107.152083452
 31
0.0
  0
LINE
  5
606
330
1F
100
AcDbEntity
  8
0
  6
Continuous
 62
     7
370
    25
100
AcDbLine
 10
198.4921746085
 20
103.4701029367
 30
0.0
 11
190.4921746085
 21
103.4701029367
 31
0.0
  0
LINE
  5
607
330
1F
100
AcDbEntity
  8
0
  6
Continuous
 62
     7
370
    25
100
AcDbLine
 10
190.4921746085
 20
103.4701029367
 30
0.0
 11
190.4921746085
 21
104.4701029367
 31
0.0
  0
LINE
  5
608
330
1F
100
AcDbEntity
  8
0
  6
Continuous
 62
     7
370
    25
100
AcDbLine
 10
198.4921746085
 20
103.4701029367
 30
0.0
 11
198.4921746085
 21
104.4701029367
 31
0.0
  0
LINE
  5
609
330
1F
100
AcDbEntity
  8
0
  6
Continuous
 62
     7
370
    25
100
AcDbLine
 10
195.0381161545
 20
112.8089377015
 30
0.0
 11
189.381261905
 21
107.152083452
 31
0.0
  0
LINE
  5
60A
330
1F
100
AcDbEntity
  8
0
  6
Continuous
 62
     7
370
    25
100
AcDbLine
 10
189.381261905
 20
107.152083452
 30
0.0
 11
188.6741551239
 21
107.8591902332
 31
0.0
  0
LINE
  5
60B
330
1F
100
AcDbEntity
  8
0
  6
Continuous
 62
     7
370
    25
100
AcDbLine
 10
194.3310093733
 20
113.5160444827
 30
0.0
 11
188.6741551239
 21
107.8591902332
 31
0.0
  0
LINE
  5
60C
330
1F
100
AcDbEntity
  8
0
  6
Continuous
 62
     7
370
    25
100
AcDbLine
 10
195.0381161545
 20
112.8089377015
 30
0.0
 11
194.3310093733
 21
113.5160444827
 31
0.0
  0
LINE
  5
60D
330
1F
100
AcDbEntity
  8
0
  6
Continuous
 62
     7
370
    25
100
AcDbLine
 10
195.0381161545
 20
95.1312681719
 30
0.0
 11
189.381261905
 21
100.7881224214
 31
0.0
  0
LINE
  5
60E
330
1F
100
AcDbEntity
  8
0
  6
Continuous
 62
     7
370
    25
100
AcDbLine
 10
194.3310093733
 20
94.4241613907
 30
0.0
 11
195.0381161545
 21
95.1312681719
 31
0.0
  0
LINE
  5
60F
330
1F
100
AcDbEntity
  8
0
  6
Continuous
 62
     7
370
    25
100
AcDbLine
 10
194.3310093733
 20
94.4241613907
 30
0.0
 11
188.6741551239
 21
100.0810156402
 31
0.0
  0
LINE
  5
610
330
1F
100
AcDbEntity
  8
0
  6
Continuous
 62
     7
370
    25
100
AcDbLine
 10
176.6533398437
 20
113.5160444827
 30
0.0
 11
182.3101940932
 21
107.8591902332
 31
0.0
  0
LINE
  5
611
330
1F
100
AcDbEntity
  8
0
  6
Continuous
 62
     7
370
    25
100
AcDbLine
 10
182.3101940932
 20
107.8591902332
 30
0.0
 11
181.603087312
 21
107.152083452
 31
0.0
  0
LINE
  5
612
330
1F
100
AcDbEntity
  8
0
  6
Continuous
 62
     7
370
    25
100
AcDbLine
 10
176.6533398437
 20
113.5160444827
 30
0.0
 11
175.9462330625
 21
112.8089377015
 31
0.0
  0
LINE
  5
613
330
1F
100
AcDbEntity
  8
0
  6
Continuous
 62
     7
370
    25
100
AcDbLine
 10
185.9921746085
 20
116.9701029367
 30
0.0
 11
184.9921746085
 21
116.9701029367
 31
0.0
  0
LINE
  5
614
330
1F
100
AcDbEntity
  8
0
  6
Continuous
 62
     7
370
    25
100
AcDbLine
 10
185.9921746085
 20
108.9701029367
 30
0.0
 11
184.9921746085
 21
108.9701029367
 31
0.0
  0
LINE
  5
615
330
1F
100
AcDbEntity
  8
0
  6
Continuous
 62
     7
370
    25
100
AcDbLine
 10
180.4921746085
 20
103.4701029367
 30
0.0
 11
172.4921746085
 21
103.4701029367
 31
0.0
  0
LINE
  5
616
330
1F
100
AcDbEntity
  8
0
  6
Continuous
 62
     7
370
    25
100
AcDbLine
 10
172.4921746085
 20
103.4701029367
 30
0.0
 11
172.4921746085
 21
104.4701029367
 31
0.0
  0
LINE
  5
617
330
1F
100
AcDbEntity
  8
0
  6
Continuous
 62
     7
370
    25
100
AcDbLine
 10
180.4921746085
 20
104.4701029367
 30
0.0
 11
172.4921746085
 21
104.4701029367
 31
0.0
  0
LINE
  5
618
330
1F
100
AcDbEntity
  8
0
  6
Continuous
 62
     7
370
    25
100
AcDbLine
 10
180.4921746085
 20
103.4701029367
 30
0.0
 11
180.4921746085
 21
104.4701029367
 31
0.0
  0
LINE
  5
619
330
1F
100
AcDbEntity
  8
0
  6
Continuous
 62
     7
370
    25
100
AcDbLine
 10
184.9921746085
 20
90.9701029367
 30
0.0
 11
184.9921746085
 21
98.9701029367
 31
0.0
  0
LINE
  5
61A
330
1F
100
AcDbEntity
  8
0
  6
Continuous
 62
     7
370
    25
100
AcDbLine
 10
185.9921746085
 20
98.9701029367
 30
0.0
 11
184.9921746085
 21
98.9701029367
 31
0.0
  0
LINE
  5
61B
330
1F
100
AcDbEntity
  8
0
  6
Continuous
 62
     7
370
    25
100
AcDbLine
 10
185.9921746085
 20
90.9701029367
 30
0.0
 11
185.9921746085
 21
98.9701029367
 31
0.0
  0
LINE
  5
61C
330
1F
100
AcDbEntity
  8
0
  6
Continuous
 62
     7
370
    25
100
AcDbLine
 10
176.6533398437
 20
94.4241613907
 30
0.0
 11
182.3101940932
 21
100.0810156402
 31
0.0
  0
LINE
  5
61D
330
1F
100
AcDbEntity
  8
0
  6
Continuous
 62
     7
370
    25
100
AcDbLine
 10
175.9462330625
 20
95.1312681719
 30
0.0
 11
176.6533398437
 21
94.4241613907
 31
0.0
  0
LINE
  5
61E
330
1F
100
AcDbEntity
  8
0
  6
Continuous
 62
     7
370
    25
100
AcDbLine
 10
175.9462330625
 20
95.1312681719
 30
0.0
 11
181.603087312
 21
100.7881224214
 31
0.0
  0
LINE
  5
61F
330
1F
100
AcDbEntity
  8
0
  6
Continuous
 62
     7
370
    25
100
AcDbLine
 10
166.0804843228
 20
103.2372445353
 30
0.0
 11
158.0804843228
 21
103.2372445353
 31
0.0
  0
LINE
  5
620
330
1F
100
AcDbEntity
  8
0
  6
Continuous
 62
     7
370
    25
100
AcDbLine
 10
158.0804843228
 20
102.2372445353
 30
0.0
 11
158.0804843228
 21
103.2372445353
 31
0.0
  0
LINE
  5
621
330
1F
100
AcDbEntity
  8
0
  6
Continuous
 62
     7
370
    25
100
AcDbLine
 10
166.0804843228
 20
102.2372445353
 30
0.0
 11
158.0804843228
 21
102.2372445353
 31
0.0
  0
LINE
  5
622
330
1F
100
AcDbEntity
  8
0
  6
Continuous
 62
     7
370
    25
100
AcDbLine
 10
143.5345427767
 20
111.5760793002
 30
0.0
 11
149.1913970262
 21
105.9192250507
 31
0.0
  0
LINE
  5
623
330
1F
100
AcDbEntity
  8
0
  6
Continuous
 62
     7
370
    25
100
AcDbLine
 10
149.8985038074
 20
106.6263318319
 30
0.0
 11
149.1913970262
 21
105.9192250507
 31
0.0
  0
LINE
  5
624
330
1F
100
AcDbEntity
  8
0
  6
Continuous
 62
     7
370
    25
100
AcDbLine
 10
144.2416495579
 20
112.2831860813
 30
0.0
 11
149.8985038074
 21
106.6263318319
 31
0.0
  0
LINE
  5
625
330
1F
100
AcDbEntity
  8
0
  6
Continuous
 62
     7
370
    25
100
AcDbLine
 10
144.2416495579
 20
112.2831860813
 30
0.0
 11
143.5345427767
 21
111.5760793002
 31
0.0
  0
LINE
  5
626
330
1F
100
AcDbEntity
  8
0
  6
Continuous
 62
     7
370
    25
100
AcDbLine
 10
153.5804843228
 20
115.7372445353
 30
0.0
 11
152.5804843228
 21
115.7372445353
 31
0.0
  0
LINE
  5
627
330
1F
100
AcDbEntity
  8
0
  6
Continuous
 62
     7
370
    25
100
AcDbLine
 10
152.5804843228
 20
107.7372445353
 30
0.0
 11
152.5804843228
 21
115.7372445353
 31
0.0
  0
LINE
  5
628
330
1F
100
AcDbEntity
  8
0
  6
Continuous
 62
     7
370
    25
100
AcDbLine
 10
153.5804843228
 20
107.7372445353
 30
0.0
 11
152.5804843228
 21
107.7372445353
 31
0.0
  0
LINE
  5
629
330
1F
100
AcDbEntity
  8
0
  6
Continuous
 62
     7
370
    25
100
AcDbLine
 10
153.5804843228
 20
107.7372445353
 30
0.0
 11
153.5804843228
 21
115.7372445353
 31
0.0
  0
LINE
  5
62A
330
1F
100
AcDbEntity
  8
0
  6
Continuous
 62
     7
370
    25
100
AcDbLine
 10
144.2416495579
 20
93.1913029893
 30
0.0
 11
149.8985038074
 21
98.8481572388
 31
0.0
  0
LINE
  5
62B
330
1F
100
AcDbEntity
  8
0
  6
Continuous
 62
     7
370
    25
100
AcDbLine
 10
149.1913970262
 20
99.55526402
 30
0.0
 11
149.8985038074
 21
98.8481572388
 31
0.0
  0
LINE
  5
62C
330
1F
100
AcDbEntity
  8
0
  6
Continuous
 62
     7
370
    25
100
AcDbLine
 10
143.5345427767
 20
93.8984097705
 30
0.0
 11
149.1913970262
 21
99.55526402
 31
0.0
  0
LINE
  5
62D
330
1F
100
AcDbEntity
  8
0
  6
Continuous
 62
     7
370
    25
100
AcDbLine
 10
143.5345427767
 20
93.8984097705
 30
0.0
 11
144.2416495579
 21
93.1913029893
 31
0.0
  0
LINE
  5
62E
330
1F
100
AcDbEntity
  8
0
  6
Continuous
 62
     7
370
    25
100
AcDbLine
 10
153.5804843228
 20
97.7372445353
 30
0.0
 11
152.5804843228
 21
97.7372445353
 31
0.0
  0
LINE
  5
62F
330
1F
100
AcDbEntity
  8
0
  6
Continuous
 62
     7
370
    25
100
AcDbLine
 10
152.5804843228
 20
89.7372445353
 30
0.0
 11
152.5804843228
 21
97.7372445353
 31
0.0
  0
LINE
  5
630
330
1F
100
AcDbEntity
  8
0
  6
Continuous
 62
     7
370
    25
100
AcDbLine
 10
153.5804843228
 20
89.7372445353
 30
0.0
 11
152.5804843228
 21
89.7372445353
 31
0.0
  0
LINE
  5
631
330
1F
100
AcDbEntity
  8
0
  6
Continuous
 62
     7
370
    25
100
AcDbLine
 10
153.5804843228
 20
89.7372445353
 30
0.0
 11
153.5804843228
 21
97.7372445353
 31
0.0
  0
LINE
  5
632
330
1F
100
AcDbEntity
  8
0
  6
Continuous
 62
     7
370
    25
100
AcDbLine
 10
148.0804843228
 20
103.2372445353
 30
0.0
 11
140.0804843228
 21
103.2372445353
 31
0.0
  0
LINE
  5
633
330
1F
100
AcDbEntity
  8
0
  6
Continuous
 62
     7
370
    25
100
AcDbLine
 10
140.0804843228
 20
102.2372445353
 30
0.0
 11
140.0804843228
 21
103.2372445353
 31
0.0
  0
LINE
  5
634
330
1F
100
AcDbEntity
  8
0
  6
Continuous
 62
     7
370
    25
100
AcDbLine
 10
148.0804843228
 20
102.2372445353
 30
0.0
 11
140.0804843228
 21
102.2372445353
 31
0.0
  0
LINE
  5
635
330
1F
100
AcDbEntity
  8
0
  6
Continuous
 62
     7
370
    25
100
AcDbLine
 10
148.0804843228
 20
102.2372445353
 30
0.0
 11
148.0804843228
 21
103.2372445353
 31
0.0
  0
LINE
  5
636
330
1F
100
AcDbEntity
  8
0
  6
Continuous
 62
     7
370
    25
100
AcDbLine
 10
162.6264258688
 20
93.8984097705
 30
0.0
 11
156.9695716193
 21
99.55526402
 31
0.0
  0
LINE
  5
637
330
1F
100
AcDbEntity
  8
0
  6
Continuous
 62
     7
370
    25
100
AcDbLine
 10
156.2624648381
 20
98.8481572388
 30
0.0
 11
156.9695716193
 21
99.55526402
 31
0.0
  0
LINE
  5
638
330
1F
100
AcDbEntity
  8
0
  6
Continuous
 62
     7
370
    25
100
AcDbLine
 10
161.9193190876
 20
93.1913029893
 30
0.0
 11
156.2624648381
 21
98.8481572388
 31
0.0
  0
LINE
  5
639
330
1F
100
AcDbEntity
  8
0
  6
Continuous
 62
     7
370
    25
100
AcDbLine
 10
161.9193190876
 20
93.1913029893
 30
0.0
 11
162.6264258688
 21
93.8984097705
 31
0.0
  0
LINE
  5
63A
330
1F
100
AcDbEntity
  8
0
  6
Continuous
 62
     7
370
    25
100
AcDbLine
 10
161.9193190876
 20
112.2831860813
 30
0.0
 11
156.2624648381
 21
106.6263318319
 31
0.0
  0
LINE
  5
63B
330
1F
100
AcDbEntity
  8
0
  6
Continuous
 62
     7
370
    25
100
AcDbLine
 10
156.9695716193
 20
105.9192250507
 30
0.0
 11
156.2624648381
 21
106.6263318319
 31
0.0
  0
LINE
  5
63C
330
1F
100
AcDbEntity
  8
0
  6
Continuous
 62
     7
370
    25
100
AcDbLine
 10
162.6264258688
 20
111.5760793002
 30
0.0
 11
161.9193190876
 21
112.2831860813
 31
0.0
  0
LINE
  5
63D
330
1F
100
AcDbEntity
  8
0
  6
Continuous
 62
     7
370
    25
100
AcDbLine
 10
166.0804843228
 20
102.2372445353
 30
0.0
 11
166.0804843228
 21
103.2372445353
 31
0.0
  0
LINE
  5
63E
330
1F
100
AcDbEntity
  8
0
  6
Continuous
 62
     7
370
    25
100
AcDbLine
 10
162.6264258688
 20
111.5760793002
 30
0.0
 11
156.9695716193
 21
105.9192250507
 31
0.0
  0
LINE
  5
63F
330
1F
100
AcDbEntity
  8
0
  6
Continuous
 62
     7
370
    25
100
AcDbLine
 10
74.5173310579
 20
110.4722052903
 30
0.0
 11
75.2244378391
 21
109.7650985092
 31
0.0
  0
LINE
  5
640
330
1F
100
AcDbEntity
  8
0
  6
Continuous
 62
     7
370
    25
100
AcDbLine
 10
84.5632726039
 20
106.3110400552
 30
0.0
 11
83.5632726039
 21
106.3110400552
 31
0.0
  0
LINE
  5
641
330
1F
100
AcDbEntity
  8
0
  6
Continuous
 62
     7
370
    25
100
AcDbLine
 10
71.0632726039
 20
118.8110400552
 30
0.0
 11
71.0632726039
 21
119.8110400552
 31
0.0
  0
LINE
  5
642
330
1F
100
AcDbEntity
  8
0
  6
Continuous
 62
     7
370
    25
100
AcDbLine
 10
79.0632726039
 20
118.8110400552
 30
0.0
 11
71.0632726039
 21
118.8110400552
 31
0.0
  0
LINE
  5
643
330
1F
100
AcDbEntity
  8
0
  6
Continuous
 62
     7
370
    25
100
AcDbLine
 10
93.6092141499
 20
110.4722052903
 30
0.0
 11
87.9523599004
 21
116.1290595398
 31
0.0
  0
LINE
  5
644
330
1F
100
AcDbEntity
  8
0
  6
Continuous
 62
     7
370
    25
100
AcDbLine
 10
87.2452531192
 20
115.4219527586
 30
0.0
 11
87.9523599004
 21
116.1290595398
 31
0.0
  0
LINE
  5
645
330
1F
100
AcDbEntity
  8
0
  6
Continuous
 62
     7
370
    25
100
AcDbLine
 10
92.9021073687
 20
109.7650985092
 30
0.0
 11
87.2452531192
 21
115.4219527586
 31
0.0
  0
LINE
  5
646
330
1F
100
AcDbEntity
  8
0
  6
Continuous
 62
     7
370
    25
100
AcDbLine
 10
87.9523599004
 20
122.4930205705
 30
0.0
 11
87.2452531192
 21
123.2001273517
 31
0.0
  0
LINE
  5
647
330
1F
100
AcDbEntity
  8
0
  6
Continuous
 62
     7
370
    25
100
AcDbLine
 10
93.6092141499
 20
128.14987482
 30
0.0
 11
87.9523599004
 21
122.4930205705
 31
0.0
  0
LINE
  5
648
330
1F
100
AcDbEntity
  8
0
  6
Continuous
 62
     7
370
    25
100
AcDbLine
 10
93.6092141499
 20
128.14987482
 30
0.0
 11
92.9021073687
 21
128.8569816012
 31
0.0
  0
LINE
  5
649
330
1F
100
AcDbEntity
  8
0
  6
Continuous
 62
     7
370
    25
100
AcDbLine
 10
97.0632726039
 20
118.8110400552
 30
0.0
 11
89.0632726039
 21
118.8110400552
 31
0.0
  0
LINE
  5
64A
330
1F
100
AcDbEntity
  8
0
  6
Continuous
 62
     7
370
    25
100
AcDbLine
 10
97.0632726039
 20
118.8110400552
 30
0.0
 11
97.0632726039
 21
119.8110400552
 31
0.0
  0
LINE
  5
64B
330
1F
100
AcDbEntity
  8
0
  6
Continuous
 62
     7
370
    25
100
AcDbLine
 10
92.9021073687
 20
128.8569816012
 30
0.0
 11
87.2452531192
 21
123.2001273517
 31
0.0
  0
LINE
  5
64C
330
1F
100
AcDbEntity
  8
0
  6
Continuous
 62
     7
370
    25
100
AcDbLine
 10
92.9021073687
 20
109.7650985092
 30
0.0
 11
93.6092141499
 21
110.4722052903
 31
0.0
  0
LINE
  5
64D
330
1F
100
AcDbEntity
  8
0
  6
Continuous
 62
     7
370
    25
100
AcDbLine
 10
75.2244378391
 20
128.8569816012
 30
0.0
 11
80.8812920885
 21
123.2001273517
 31
0.0
  0
LINE
  5
64E
330
1F
100
AcDbEntity
  8
0
  6
Continuous
 62
     7
370
    25
100
AcDbLine
 10
84.5632726039
 20
124.3110400552
 30
0.0
 11
83.5632726039
 21
124.3110400552
 31
0.0
  0
LINE
  5
64F
330
1F
100
AcDbEntity
  8
0
  6
Continuous
 62
     7
370
    25
100
AcDbLine
 10
79.0632726039
 20
119.8110400552
 30
0.0
 11
71.0632726039
 21
119.8110400552
 31
0.0
  0
LINE
  5
650
330
1F
100
AcDbEntity
  8
0
  6
Continuous
 62
     7
370
    25
100
AcDbLine
 10
79.0632726039
 20
118.8110400552
 30
0.0
 11
79.0632726039
 21
119.8110400552
 31
0.0
  0
LINE
  5
651
330
1F
100
AcDbEntity
  8
0
  6
Continuous
 62
     7
370
    25
100
AcDbLine
 10
83.5632726039
 20
106.3110400552
 30
0.0
 11
83.5632726039
 21
114.3110400552
 31
0.0
  0
LINE
  5
652
330
1F
100
AcDbEntity
  8
0
  6
Continuous
 62
     7
370
    25
100
AcDbLine
 10
84.5632726039
 20
114.3110400552
 30
0.0
 11
83.5632726039
 21
114.3110400552
 31
0.0
  0
LINE
  5
653
330
1F
100
AcDbEntity
  8
0
  6
Continuous
 62
     7
370
    25
100
AcDbLine
 10
75.2244378391
 20
109.7650985092
 30
0.0
 11
80.8812920885
 21
115.4219527586
 31
0.0
  0
LINE
  5
654
330
1F
100
AcDbEntity
  8
0
  6
Continuous
 62
     7
370
    25
100
AcDbLine
 10
74.5173310579
 20
110.4722052903
 30
0.0
 11
80.1741853074
 21
116.1290595398
 31
0.0
  0
LINE
  5
655
330
1F
100
AcDbEntity
  8
0
  6
Continuous
 62
     7
370
    25
100
AcDbLine
 10
80.8812920885
 20
123.2001273517
 30
0.0
 11
80.1741853074
 21
122.4930205705
 31
0.0
  0
LINE
  5
656
330
1F
100
AcDbEntity
  8
0
  6
Continuous
 62
     7
370
    25
100
AcDbLine
 10
84.5632726039
 20
132.3110400552
 30
0.0
 11
83.5632726039
 21
132.3110400552
 31
0.0
  0
LINE
  5
657
330
1F
100
AcDbEntity
  8
0
  6
Continuous
 62
     7
370
    25
100
AcDbLine
 10
84.5632726039
 20
124.3110400552
 30
0.0
 11
84.5632726039
 21
132.3110400552
 31
0.0
  0
LINE
  5
658
330
1F
100
AcDbEntity
  8
0
  6
Continuous
 62
     7
370
    25
100
AcDbLine
 10
84.5632726039
 20
106.3110400552
 30
0.0
 11
84.5632726039
 21
114.3110400552
 31
0.0
  0
LINE
  5
659
330
1F
100
AcDbEntity
  8
0
  6
Continuous
 62
     7
370
    25
100
AcDbLine
 10
80.1741853074
 20
116.1290595398
 30
0.0
 11
80.8812920885
 21
115.4219527586
 31
0.0
  0
LINE
  5
65A
330
1F
100
AcDbEntity
  8
0
  6
Continuous
 62
     7
370
    25
100
AcDbLine
 10
83.5632726039
 20
124.3110400552
 30
0.0
 11
83.5632726039
 21
132.3110400552
 31
0.0
  0
LINE
  5
65B
330
1F
100
AcDbEntity
  8
0
  6
Continuous
 62
     7
370
    25
100
AcDbLine
 10
97.0632726039
 20
119.8110400552
 30
0.0
 11
89.0632726039
 21
119.8110400552
 31
0.0
  0
LINE
  5
65C
330
1F
100
AcDbEntity
  8
0
  6
Continuous
 62
     7
370
    25
100
AcDbLine
 10
74.5173310579
 20
128.14987482
 30
0.0
 11
80.1741853074
 21
122.4930205705
 31
0.0
  0
LINE
  5
65D
330
1F
100
AcDbEntity
  8
0
  6
Continuous
 62
     7
370
    25
100
AcDbLine
 10
75.2244378391
 20
128.8569816012
 30
0.0
 11
74.5173310579
 21
128.14987482
 31
0.0
  0
LINE
  5
65E
330
1F
100
AcDbEntity
  8
0
  6
Continuous
 62
     7
370
    25
100
AcDbLine
 10
89.0632726039
 20
118.8110400552
 30
0.0
 11
89.0632726039
 21
119.8110400552
 31
0.0
  0
LINE
  5
65F
330
1F
100
AcDbEntity
  8
0
  6
Continuous
 62
     7
370
    25
100
AcDbLine
 10
130.8577587385
 20
102.6859792839
 30
0.0
 11
122.8577587385
 21
102.6859792839
 31
0.0
  0
LINE
  5
660
330
1F
100
AcDbEntity
  8
0
  6
Continuous
 62
     7
370
    25
100
AcDbLine
 10
122.8577587385
 20
101.6859792839
 30
0.0
 11
122.8577587385
 21
102.6859792839
 31
0.0
  0
LINE
  5
661
330
1F
100
AcDbEntity
  8
0
  6
Continuous
 62
     7
370
    25
100
AcDbLine
 10
130.8577587385
 20
101.6859792839
 30
0.0
 11
122.8577587385
 21
101.6859792839
 31
0.0
  0
LINE
  5
662
330
1F
100
AcDbEntity
  8
0
  6
Continuous
 62
     7
370
    25
100
AcDbLine
 10
130.8577587385
 20
101.6859792839
 30
0.0
 11
130.8577587385
 21
102.6859792839
 31
0.0
  0
LINE
  5
663
330
1F
100
AcDbEntity
  8
0
  6
Continuous
 62
     7
370
    25
100
AcDbLine
 10
108.3118171925
 20
111.0248140487
 30
0.0
 11
113.968671442
 21
105.3679597992
 31
0.0
  0
LINE
  5
664
330
1F
100
AcDbEntity
  8
0
  6
Continuous
 62
     7
370
    25
100
AcDbLine
 10
114.6757782232
 20
106.0750665804
 30
0.0
 11
113.968671442
 21
105.3679597992
 31
0.0
  0
LINE
  5
665
330
1F
100
AcDbEntity
  8
0
  6
Continuous
 62
     7
370
    25
100
AcDbLine
 10
109.0189239737
 20
111.7319208299
 30
0.0
 11
114.6757782232
 21
106.0750665804
 31
0.0
  0
LINE
  5
666
330
1F
100
AcDbEntity
  8
0
  6
Continuous
 62
     7
370
    25
100
AcDbLine
 10
109.0189239737
 20
111.7319208299
 30
0.0
 11
108.3118171925
 21
111.0248140487
 31
0.0
  0
LINE
  5
667
330
1F
100
AcDbEntity
  8
0
  6
Continuous
 62
     7
370
    25
100
AcDbLine
 10
118.3577587385
 20
115.1859792839
 30
0.0
 11
117.3577587385
 21
115.1859792839
 31
0.0
  0
LINE
  5
668
330
1F
100
AcDbEntity
  8
0
  6
Continuous
 62
     7
370
    25
100
AcDbLine
 10
117.3577587385
 20
107.1859792839
 30
0.0
 11
117.3577587385
 21
115.1859792839
 31
0.0
  0
LINE
  5
669
330
1F
100
AcDbEntity
  8
0
  6
Continuous
 62
     7
370
    25
100
AcDbLine
 10
118.3577587385
 20
107.1859792839
 30
0.0
 11
117.3577587385
 21
107.1859792839
 31
0.0
  0
LINE
  5
66A
330
1F
100
AcDbEntity
  8
0
  6
Continuous
 62
     7
370
    25
100
AcDbLine
 10
118.3577587385
 20
107.1859792839
 30
0.0
 11
118.3577587385
 21
115.1859792839
 31
0.0
  0
LINE
  5
66B
330
1F
100
AcDbEntity
  8
0
  6
Continuous
 62
     7
370
    25
100
AcDbLine
 10
113.968671442
 20
99.0039987685
 30
0.0
 11
114.6757782232
 21
98.2968919873
 31
0.0
  0
LINE
  5
66C
330
1F
100
AcDbEntity
  8
0
  6
Continuous
 62
     7
370
    25
100
AcDbLine
 10
108.3118171925
 20
93.347144519
 30
0.0
 11
113.968671442
 21
99.0039987685
 31
0.0
  0
LINE
  5
66D
330
1F
100
AcDbEntity
  8
0
  6
Continuous
 62
     7
370
    25
100
AcDbLine
 10
108.3118171925
 20
93.347144519
 30
0.0
 11
109.0189239737
 21
92.6400377378
 31
0.0
  0
LINE
  5
66E
330
1F
100
AcDbEntity
  8
0
  6
Continuous
 62
     7
370
    25
100
AcDbLine
 10
118.3577587385
 20
97.1859792839
 30
0.0
 11
117.3577587385
 21
97.1859792839
 31
0.0
  0
LINE
  5
66F
330
1F
100
AcDbEntity
  8
0
  6
Continuous
 62
     7
370
    25
100
AcDbLine
 10
117.3577587385
 20
89.1859792839
 30
0.0
 11
117.3577587385
 21
97.1859792839
 31
0.0
  0
LINE
  5
670
330
1F
100
AcDbEntity
  8
0
  6
Continuous
 62
     7
370
    25
100
AcDbLine
 10
118.3577587385
 20
89.1859792839
 30
0.0
 11
117.3577587385
 21
89.1859792839
 31
0.0
  0
LINE
  5
671
330
1F
100
AcDbEntity
  8
0
  6
Continuous
 62
     7
370
    25
100
AcDbLine
 10
118.3577587385
 20
89.1859792839
 30
0.0
 11
118.3577587385
 21
97.1859792839
 31
0.0
  0
LINE
  5
672
330
1F
100
AcDbEntity
  8
0
  6
Continuous
 62
     7
370
    25
100
AcDbLine
 10
112.8577587385
 20
102.6859792839
 30
0.0
 11
104.8577587385
 21
102.6859792839
 31
0.0
  0
LINE
  5
673
330
1F
100
AcDbEntity
  8
0
  6
Continuous
 62
     7
370
    25
100
AcDbLine
 10
104.8577587385
 20
101.6859792839
 30
0.0
 11
104.8577587385
 21
102.6859792839
 31
0.0
  0
LINE
  5
674
330
1F
100
AcDbEntity
  8
0
  6
Continuous
 62
     7
370
    25
100
AcDbLine
 10
112.8577587385
 20
101.6859792839
 30
0.0
 11
104.8577587385
 21
101.6859792839
 31
0.0
  0
LINE
  5
675
330
1F
100
AcDbEntity
  8
0
  6
Continuous
 62
     7
370
    25
100
AcDbLine
 10
112.8577587385
 20
101.6859792839
 30
0.0
 11
112.8577587385
 21
102.6859792839
 31
0.0
  0
LINE
  5
676
330
1F
100
AcDbEntity
  8
0
  6
Continuous
 62
     7
370
    25
100
AcDbLine
 10
127.4037002845
 20
93.347144519
 30
0.0
 11
121.7468460351
 21
99.0039987685
 31
0.0
  0
LINE
  5
677
330
1F
100
AcDbEntity
  8
0
  6
Continuous
 62
     7
370
    25
100
AcDbLine
 10
121.0397392539
 20
98.2968919873
 30
0.0
 11
121.7468460351
 21
99.0039987685
 31
0.0
  0
LINE
  5
678
330
1F
100
AcDbEntity
  8
0
  6
Continuous
 62
     7
370
    25
100
AcDbLine
 10
126.6965935034
 20
92.6400377378
 30
0.0
 11
121.0397392539
 21
98.2968919873
 31
0.0
  0
LINE
  5
679
330
1F
100
AcDbEntity
  8
0
  6
Continuous
 62
     7
370
    25
100
AcDbLine
 10
126.6965935034
 20
92.6400377378
 30
0.0
 11
127.4037002845
 21
93.347144519
 31
0.0
  0
LINE
  5
67A
330
1F
100
AcDbEntity
  8
0
  6
Continuous
 62
     7
370
    25
100
AcDbLine
 10
126.6965935034
 20
111.7319208299
 30
0.0
 11
121.0397392539
 21
106.0750665804
 31
0.0
  0
LINE
  5
67B
330
1F
100
AcDbEntity
  8
0
  6
Continuous
 62
     7
370
    25
100
AcDbLine
 10
121.7468460351
 20
105.3679597992
 30
0.0
 11
121.0397392539
 21
106.0750665804
 31
0.0
  0
LINE
  5
67C
330
1F
100
AcDbEntity
  8
0
  6
Continuous
 62
     7
370
    25
100
AcDbLine
 10
127.4037002845
 20
111.0248140487
 30
0.0
 11
121.7468460351
 21
105.3679597992
 31
0.0
  0
LINE
  5
67D
330
1F
100
AcDbEntity
  8
0
  6
Continuous
 62
     7
370
    25
100
AcDbLine
 10
127.4037002845
 20
111.0248140487
 30
0.0
 11
126.6965935034
 21
111.7319208299
 31
0.0
  0
LINE
  5
67E
330
1F
100
AcDbEntity
  8
0
  6
Continuous
 62
     7
370
    25
100
AcDbLine
 10
109.0189239737
 20
92.6400377378
 30
0.0
 11
114.6757782232
 21
98.2968919873
 31
0.0
  0
LINE
  5
67F
330
1F
100
AcDbEntity
  8
0
  6
Continuous
 62
     7
370
    25
100
AcDbLine
 10
53.0616988461
 20
49.9726333913
 30
0.0
 11
45.0616988461
 21
49.9726333913
 31
0.0
  0
LINE
  5
680
330
1F
100
AcDbEntity
  8
0
  6
Continuous
 62
     7
370
    25
100
AcDbLine
 10
45.0616988461
 20
48.9726333913
 30
0.0
 11
45.0616988461
 21
49.9726333913
 31
0.0
  0
LINE
  5
681
330
1F
100
AcDbEntity
  8
0
  6
Continuous
 62
     7
370
    25
100
AcDbLine
 10
53.0616988461
 20
48.9726333913
 30
0.0
 11
45.0616988461
 21
48.9726333913
 31
0.0
  0
LINE
  5
682
330
1F
100
AcDbEntity
  8
0
  6
Continuous
 62
     7
370
    25
100
AcDbLine
 10
53.0616988461
 20
48.9726333913
 30
0.0
 11
53.0616988461
 21
49.9726333913
 31
0.0
  0
LINE
  5
683
330
1F
100
AcDbEntity
  8
0
  6
Continuous
 62
     7
370
    25
100
AcDbLine
 10
30.5157573001
 20
58.3114681561
 30
0.0
 11
36.1726115496
 21
52.6546139066
 31
0.0
  0
LINE
  5
684
330
1F
100
AcDbEntity
  8
0
  6
Continuous
 62
     7
370
    25
100
AcDbLine
 10
36.8797183308
 20
53.3617206878
 30
0.0
 11
36.1726115496
 21
52.6546139066
 31
0.0
  0
LINE
  5
685
330
1F
100
AcDbEntity
  8
0
  6
Continuous
 62
     7
370
    25
100
AcDbLine
 10
31.2228640813
 20
59.0185749373
 30
0.0
 11
36.8797183308
 21
53.3617206878
 31
0.0
  0
LINE
  5
686
330
1F
100
AcDbEntity
  8
0
  6
Continuous
 62
     7
370
    25
100
AcDbLine
 10
40.5616988461
 20
62.4726333913
 30
0.0
 11
39.5616988461
 21
62.4726333913
 31
0.0
  0
LINE
  5
687
330
1F
100
AcDbEntity
  8
0
  6
Continuous
 62
     7
370
    25
100
AcDbLine
 10
39.5616988461
 20
54.4726333913
 30
0.0
 11
39.5616988461
 21
62.4726333913
 31
0.0
  0
LINE
  5
688
330
1F
100
AcDbEntity
  8
0
  6
Continuous
 62
     7
370
    25
100
AcDbLine
 10
40.5616988461
 20
54.4726333913
 30
0.0
 11
39.5616988461
 21
54.4726333913
 31
0.0
  0
LINE
  5
689
330
1F
100
AcDbEntity
  8
0
  6
Continuous
 62
     7
370
    25
100
AcDbLine
 10
40.5616988461
 20
54.4726333913
 30
0.0
 11
40.5616988461
 21
62.4726333913
 31
0.0
  0
LINE
  5
68A
330
1F
100
AcDbEntity
  8
0
  6
Continuous
 62
     7
370
    25
100
AcDbLine
 10
31.2228640813
 20
39.9266918452
 30
0.0
 11
36.8797183308
 21
45.5835460947
 31
0.0
  0
LINE
  5
68B
330
1F
100
AcDbEntity
  8
0
  6
Continuous
 62
     7
370
    25
100
AcDbLine
 10
36.1726115496
 20
46.2906528759
 30
0.0
 11
36.8797183308
 21
45.5835460947
 31
0.0
  0
LINE
  5
68C
330
1F
100
AcDbEntity
  8
0
  6
Continuous
 62
     7
370
    25
100
AcDbLine
 10
30.5157573001
 20
40.6337986264
 30
0.0
 11
36.1726115496
 21
46.2906528759
 31
0.0
  0
LINE
  5
68D
330
1F
100
AcDbEntity
  8
0
  6
Continuous
 62
     7
370
    25
100
AcDbLine
 10
30.5157573001
 20
40.6337986264
 30
0.0
 11
31.2228640813
 21
39.9266918452
 31
0.0
  0
LINE
  5
68E
330
1F
100
AcDbEntity
  8
0
  6
Continuous
 62
     7
370
    25
100
AcDbLine
 10
40.5616988461
 20
44.4726333913
 30
0.0
 11
39.5616988461
 21
44.4726333913
 31
0.0
  0
LINE
  5
68F
330
1F
100
AcDbEntity
  8
0
  6
Continuous
 62
     7
370
    25
100
AcDbLine
 10
39.5616988461
 20
36.4726333913
 30
0.0
 11
39.5616988461
 21
44.4726333913
 31
0.0
  0
LINE
  5
690
330
1F
100
AcDbEntity
  8
0
  6
Continuous
 62
     7
370
    25
100
AcDbLine
 10
40.5616988461
 20
36.4726333913
 30
0.0
 11
39.5616988461
 21
36.4726333913
 31
0.0
  0
LINE
  5
691
330
1F
100
AcDbEntity
  8
0
  6
Continuous
 62
     7
370
    25
100
AcDbLine
 10
40.5616988461
 20
36.4726333913
 30
0.0
 11
40.5616988461
 21
44.4726333913
 31
0.0
  0
LINE
  5
692
330
1F
100
AcDbEntity
  8
0
  6
Continuous
 62
     7
370
    25
100
AcDbLine
 10
35.0616988461
 20
49.9726333913
 30
0.0
 11
27.0616988461
 21
49.9726333913
 31
0.0
  0
LINE
  5
693
330
1F
100
AcDbEntity
  8
0
  6
Continuous
 62
     7
370
    25
100
AcDbLine
 10
27.0616988461
 20
48.9726333913
 30
0.0
 11
27.0616988461
 21
49.9726333913
 31
0.0
  0
LINE
  5
694
330
1F
100
AcDbEntity
  8
0
  6
Continuous
 62
     7
370
    25
100
AcDbLine
 10
35.0616988461
 20
48.9726333913
 30
0.0
 11
27.0616988461
 21
48.9726333913
 31
0.0
  0
LINE
  5
695
330
1F
100
AcDbEntity
  8
0
  6
Continuous
 62
     7
370
    25
100
AcDbLine
 10
35.0616988461
 20
48.9726333913
 30
0.0
 11
35.0616988461
 21
49.9726333913
 31
0.0
  0
LINE
  5
696
330
1F
100
AcDbEntity
  8
0
  6
Continuous
 62
     7
370
    25
100
AcDbLine
 10
49.6076403921
 20
40.6337986264
 30
0.0
 11
43.9507861426
 21
46.2906528759
 31
0.0
  0
LINE
  5
697
330
1F
100
AcDbEntity
  8
0
  6
Continuous
 62
     7
370
    25
100
AcDbLine
 10
43.2436793615
 20
45.5835460947
 30
0.0
 11
43.9507861426
 21
46.2906528759
 31
0.0
  0
LINE
  5
698
330
1F
100
AcDbEntity
  8
0
  6
Continuous
 62
     7
370
    25
100
AcDbLine
 10
48.900533611
 20
39.9266918452
 30
0.0
 11
43.2436793615
 21
45.5835460947
 31
0.0
  0
LINE
  5
699
330
1F
100
AcDbEntity
  8
0
  6
Continuous
 62
     7
370
    25
100
AcDbLine
 10
48.900533611
 20
39.9266918452
 30
0.0
 11
49.6076403921
 21
40.6337986264
 31
0.0
  0
LINE
  5
69A
330
1F
100
AcDbEntity
  8
0
  6
Continuous
 62
     7
370
    25
100
AcDbLine
 10
48.900533611
 20
59.0185749373
 30
0.0
 11
43.2436793615
 21
53.3617206878
 31
0.0
  0
LINE
  5
69B
330
1F
100
AcDbEntity
  8
0
  6
Continuous
 62
     7
370
    25
100
AcDbLine
 10
43.9507861426
 20
52.6546139066
 30
0.0
 11
43.2436793615
 21
53.3617206878
 31
0.0
  0
LINE
  5
69C
330
1F
100
AcDbEntity
  8
0
  6
Continuous
 62
     7
370
    25
100
AcDbLine
 10
49.6076403921
 20
58.3114681561
 30
0.0
 11
43.9507861426
 21
52.6546139066
 31
0.0
  0
LINE
  5
69D
330
1F
100
AcDbEntity
  8
0
  6
Continuous
 62
     7
370
    25
100
AcDbLine
 10
49.6076403921
 20
58.3114681561
 30
0.0
 11
48.900533611
 21
59.0185749373
 31
0.0
  0
LINE
  5
69E
330
1F
100
AcDbEntity
  8
0
  6
Continuous
 62
     7
370
    25
100
AcDbLine
 10
31.2228640813
 20
59.0185749373
 30
0.0
 11
30.5157573001
 21
58.3114681561
 31
0.0
  0
LINE
  5
69F
330
1F
100
AcDbEntity
  8
0
  6
Continuous
 62
     7
370
    25
100
AcDbLine
 10
37.4624682029
 20
82.6437179736
 30
0.0
 11
29.4624682029
 21
82.6437179736
 31
0.0
  0
LINE
  5
6A0
330
1F
100
AcDbEntity
  8
0
  6
Continuous
 62
     7
370
    25
100
AcDbLine
 10
29.4624682029
 20
81.6437179736
 30
0.0
 11
29.4624682029
 21
82.6437179736
 31
0.0
  0
LINE
  5
6A1
330
1F
100
AcDbEntity
  8
0
  6
Continuous
 62
     7
370
    25
100
AcDbLine
 10
37.4624682029
 20
81.6437179736
 30
0.0
 11
29.4624682029
 21
81.6437179736
 31
0.0
  0
LINE
  5
6A2
330
1F
100
AcDbEntity
  8
0
  6
Continuous
 62
     7
370
    25
100
AcDbLine
 10
37.4624682029
 20
81.6437179736
 30
0.0
 11
37.4624682029
 21
82.6437179736
 31
0.0
  0
LINE
  5
6A3
330
1F
100
AcDbEntity
  8
0
  6
Continuous
 62
     7
370
    25
100
AcDbLine
 10
15.623633438
 20
91.6896595196
 30
0.0
 11
21.2804876875
 21
86.0328052701
 31
0.0
  0
LINE
  5
6A4
330
1F
100
AcDbEntity
  8
0
  6
Continuous
 62
     7
370
    25
100
AcDbLine
 10
24.9624682029
 20
95.1437179736
 30
0.0
 11
23.9624682029
 21
95.1437179736
 31
0.0
  0
LINE
  5
6A5
330
1F
100
AcDbEntity
  8
0
  6
Continuous
 62
     7
370
    25
100
AcDbLine
 10
23.9624682029
 20
87.1437179736
 30
0.0
 11
23.9624682029
 21
95.1437179736
 31
0.0
  0
LINE
  5
6A6
330
1F
100
AcDbEntity
  8
0
  6
Continuous
 62
     7
370
    25
100
AcDbLine
 10
24.9624682029
 20
87.1437179736
 30
0.0
 11
23.9624682029
 21
87.1437179736
 31
0.0
  0
LINE
  5
6A7
330
1F
100
AcDbEntity
  8
0
  6
Continuous
 62
     7
370
    25
100
AcDbLine
 10
24.9624682029
 20
87.1437179736
 30
0.0
 11
24.9624682029
 21
95.1437179736
 31
0.0
  0
LINE
  5
6A8
330
1F
100
AcDbEntity
  8
0
  6
Continuous
 62
     7
370
    25
100
AcDbLine
 10
15.623633438
 20
72.5977764276
 30
0.0
 11
21.2804876875
 21
78.2546306771
 31
0.0
  0
LINE
  5
6A9
330
1F
100
AcDbEntity
  8
0
  6
Continuous
 62
     7
370
    25
100
AcDbLine
 10
20.5733809063
 20
78.9617374583
 30
0.0
 11
21.2804876875
 21
78.2546306771
 31
0.0
  0
LINE
  5
6AA
330
1F
100
AcDbEntity
  8
0
  6
Continuous
 62
     7
370
    25
100
AcDbLine
 10
14.9165266569
 20
73.3048832088
 30
0.0
 11
15.623633438
 21
72.5977764276
 31
0.0
  0
LINE
  5
6AB
330
1F
100
AcDbEntity
  8
0
  6
Continuous
 62
     7
370
    25
100
AcDbLine
 10
24.9624682029
 20
77.1437179736
 30
0.0
 11
23.9624682029
 21
77.1437179736
 31
0.0
  0
LINE
  5
6AC
330
1F
100
AcDbEntity
  8
0
  6
Continuous
 62
     7
370
    25
100
AcDbLine
 10
23.9624682029
 20
69.1437179736
 30
0.0
 11
23.9624682029
 21
77.1437179736
 31
0.0
  0
LINE
  5
6AD
330
1F
100
AcDbEntity
  8
0
  6
Continuous
 62
     7
370
    25
100
AcDbLine
 10
24.9624682029
 20
69.1437179736
 30
0.0
 11
24.9624682029
 21
77.1437179736
 31
0.0
  0
LINE
  5
6AE
330
1F
100
AcDbEntity
  8
0
  6
Continuous
 62
     7
370
    25
100
AcDbLine
 10
19.4624682029
 20
82.6437179736
 30
0.0
 11
11.4624682029
 21
82.6437179736
 31
0.0
  0
LINE
  5
6AF
330
1F
100
AcDbEntity
  8
0
  6
Continuous
 62
     7
370
    25
100
AcDbLine
 10
11.4624682029
 20
81.6437179736
 30
0.0
 11
11.4624682029
 21
82.6437179736
 31
0.0
  0
LINE
  5
6B0
330
1F
100
AcDbEntity
  8
0
  6
Continuous
 62
     7
370
    25
100
AcDbLine
 10
19.4624682029
 20
81.6437179736
 30
0.0
 11
11.4624682029
 21
81.6437179736
 31
0.0
  0
LINE
  5
6B1
330
1F
100
AcDbEntity
  8
0
  6
Continuous
 62
     7
370
    25
100
AcDbLine
 10
19.4624682029
 20
81.6437179736
 30
0.0
 11
19.4624682029
 21
82.6437179736
 31
0.0
  0
LINE
  5
6B2
330
1F
100
AcDbEntity
  8
0
  6
Continuous
 62
     7
370
    25
100
AcDbLine
 10
34.0084097489
 20
73.3048832088
 30
0.0
 11
28.3515554994
 21
78.9617374583
 31
0.0
  0
LINE
  5
6B3
330
1F
100
AcDbEntity
  8
0
  6
Continuous
 62
     7
370
    25
100
AcDbLine
 10
27.6444487182
 20
78.2546306771
 30
0.0
 11
28.3515554994
 21
78.9617374583
 31
0.0
  0
LINE
  5
6B4
330
1F
100
AcDbEntity
  8
0
  6
Continuous
 62
     7
370
    25
100
AcDbLine
 10
33.3013029677
 20
72.5977764276
 30
0.0
 11
27.6444487182
 21
78.2546306771
 31
0.0
  0
LINE
  5
6B5
330
1F
100
AcDbEntity
  8
0
  6
Continuous
 62
     7
370
    25
100
AcDbLine
 10
33.3013029677
 20
72.5977764276
 30
0.0
 11
34.0084097489
 21
73.3048832088
 31
0.0
  0
LINE
  5
6B6
330
1F
100
AcDbEntity
  8
0
  6
Continuous
 62
     7
370
    25
100
AcDbLine
 10
33.3013029677
 20
91.6896595196
 30
0.0
 11
27.6444487182
 21
86.0328052701
 31
0.0
  0
LINE
  5
6B7
330
1F
100
AcDbEntity
  8
0
  6
Continuous
 62
     7
370
    25
100
AcDbLine
 10
28.3515554994
 20
85.3256984889
 30
0.0
 11
27.6444487182
 21
86.0328052701
 31
0.0
  0
LINE
  5
6B8
330
1F
100
AcDbEntity
  8
0
  6
Continuous
 62
     7
370
    25
100
AcDbLine
 10
34.0084097489
 20
90.9825527384
 30
0.0
 11
28.3515554994
 21
85.3256984889
 31
0.0
  0
LINE
  5
6B9
330
1F
100
AcDbEntity
  8
0
  6
Continuous
 62
     7
370
    25
100
AcDbLine
 10
34.0084097489
 20
90.9825527384
 30
0.0
 11
33.3013029677
 21
91.6896595196
 31
0.0
  0
LINE
  5
6BA
330
1F
100
AcDbEntity
  8
0
  6
Continuous
 62
     7
370
    25
100
AcDbLine
 10
15.623633438
 20
91.6896595196
 30
0.0
 11
14.9165266569
 21
90.9825527384
 31
0.0
  0
LINE
  5
6BB
330
1F
100
AcDbEntity
  8
0
  6
Continuous
 62
     7
370
    25
100
AcDbLine
 10
21.2804876875
 20
86.0328052701
 30
0.0
 11
20.5733809063
 21
85.3256984889
 31
0.0
  0
LINE
  5
6BC
330
1F
100
AcDbEntity
  8
0
  6
Continuous
 62
     7
370
    25
100
AcDbLine
 10
14.9165266569
 20
90.9825527384
 30
0.0
 11
20.5733809063
 21
85.3256984889
 31
0.0
  0
LINE
  5
6BD
330
1F
100
AcDbEntity
  8
0
  6
Continuous
 62
     7
370
    25
100
AcDbLine
 10
24.9624682029
 20
69.1437179736
 30
0.0
 11
23.9624682029
 21
69.1437179736
 31
0.0
  0
LINE
  5
6BE
330
1F
100
AcDbEntity
  8
0
  6
Continuous
 62
     7
370
    25
100
AcDbLine
 10
14.9165266569
 20
73.3048832088
 30
0.0
 11
20.5733809063
 21
78.9617374583
 31
0.0
  0
LINE
  5
6BF
330
1F
100
AcDbEntity
  8
0
  6
Continuous
 62
     7
370
    25
100
AcDbLine
 10
79.9391325014
 20
55.4717876793
 30
0.0
 11
80.9361465502
 21
55.5490080563
 31
0.0
  0
LINE
  5
6C0
330
1F
100
AcDbEntity
  8
0
  6
Continuous
 62
     7
370
    25
100
AcDbLine
 10
80.3183835339
 20
63.5251204462
 30
0.0
 11
80.9361465502
 21
55.5490080563
 31
0.0
  0
LINE
  5
6C1
330
1F
100
AcDbEntity
  8
0
  6
Continuous
 62
     7
370
    25
100
AcDbLine
 10
79.3213694852
 20
63.4479000692
 30
0.0
 11
80.3183835339
 21
63.5251204462
 31
0.0
  0
LINE
  5
6C2
330
1F
100
AcDbEntity
  8
0
  6
Continuous
 62
     7
370
    25
100
AcDbLine
 10
79.3213694852
 20
63.4479000692
 30
0.0
 11
79.9391325014
 21
55.4717876793
 31
0.0
  0
LINE
  5
6C3
330
1F
100
AcDbEntity
  8
0
  6
Continuous
 62
     7
370
    25
100
AcDbLine
 10
83.6959039002
 20
54.6485160306
 30
0.0
 11
84.4555023472
 21
53.9981236881
 31
0.0
  0
LINE
  5
6C4
330
1F
100
AcDbEntity
  8
0
  6
Continuous
 62
     7
370
    25
100
AcDbLine
 10
89.6586410877
 20
60.0749112644
 30
0.0
 11
84.4555023472
 21
53.9981236881
 31
0.0
  0
LINE
  5
6C5
330
1F
100
AcDbEntity
  8
0
  6
Continuous
 62
     7
370
    25
100
AcDbLine
 10
88.8990426406
 20
60.725303607
 30
0.0
 11
89.6586410877
 21
60.0749112644
 31
0.0
  0
LINE
  5
6C6
330
1F
100
AcDbEntity
  8
0
  6
Continuous
 62
     7
370
    25
100
AcDbLine
 10
88.8990426406
 20
60.725303607
 30
0.0
 11
83.6959039002
 21
54.6485160306
 31
0.0
  0
LINE
  5
6C7
330
1F
100
AcDbEntity
  8
0
  6
Continuous
 62
     7
370
    25
100
AcDbLine
 10
84.9469298174
 20
47.6531651349
 30
0.0
 11
84.2965374749
 21
46.8935666879
 31
0.0
  0
LINE
  5
6C8
330
1F
100
AcDbEntity
  8
0
  6
Continuous
 62
     7
370
    25
100
AcDbLine
 10
90.3733250512
 20
41.6904279474
 30
0.0
 11
84.2965374749
 21
46.8935666879
 31
0.0
  0
LINE
  5
6C9
330
1F
100
AcDbEntity
  8
0
  6
Continuous
 62
     7
370
    25
100
AcDbLine
 10
91.0237173937
 20
42.4500263945
 30
0.0
 11
90.3733250512
 21
41.6904279474
 31
0.0
  0
LINE
  5
6CA
330
1F
100
AcDbEntity
  8
0
  6
Continuous
 62
     7
370
    25
100
AcDbLine
 10
91.0237173937
 20
42.4500263945
 30
0.0
 11
84.9469298174
 21
47.6531651349
 31
0.0
  0
LINE
  5
6CB
330
1F
100
AcDbEntity
  8
0
  6
Continuous
 62
     7
370
    25
100
AcDbLine
 10
81.329099288
 20
37.5255348021
 30
0.0
 11
82.3261133367
 21
37.6027551791
 31
0.0
  0
LINE
  5
6CC
330
1F
100
AcDbEntity
  8
0
  6
Continuous
 62
     7
370
    25
100
AcDbLine
 10
81.7083503204
 20
45.578867569
 30
0.0
 11
82.3261133367
 21
37.6027551791
 31
0.0
  0
LINE
  5
6CD
330
1F
100
AcDbEntity
  8
0
  6
Continuous
 62
     7
370
    25
100
AcDbLine
 10
80.7113362717
 20
45.501647192
 30
0.0
 11
81.7083503204
 21
45.578867569
 31
0.0
  0
LINE
  5
6CE
330
1F
100
AcDbEntity
  8
0
  6
Continuous
 62
     7
370
    25
100
AcDbLine
 10
80.7113362717
 20
45.501647192
 30
0.0
 11
81.329099288
 21
37.5255348021
 31
0.0
  0
LINE
  5
6CF
330
1F
100
AcDbEntity
  8
0
  6
Continuous
 62
     7
370
    25
100
AcDbLine
 10
77.9515789217
 20
46.4021392177
 30
0.0
 11
77.1919804746
 21
47.0525315602
 31
0.0
  0
LINE
  5
6D0
330
1F
100
AcDbEntity
  8
0
  6
Continuous
 62
     7
370
    25
100
AcDbLine
 10
71.9888417342
 20
40.9757439839
 30
0.0
 11
77.1919804746
 21
47.0525315602
 31
0.0
  0
LINE
  5
6D1
330
1F
100
AcDbEntity
  8
0
  6
Continuous
 62
     7
370
    25
100
AcDbLine
 10
72.7484401813
 20
40.3253516413
 30
0.0
 11
71.9888417342
 21
40.9757439839
 31
0.0
  0
LINE
  5
6D2
330
1F
100
AcDbEntity
  8
0
  6
Continuous
 62
     7
370
    25
100
AcDbLine
 10
72.7484401813
 20
40.3253516413
 30
0.0
 11
77.9515789217
 21
46.4021392177
 31
0.0
  0
LINE
  5
6D3
330
1F
100
AcDbEntity
  8
0
  6
Continuous
 62
     7
370
    25
100
AcDbLine
 10
67.9011689659
 20
49.0229556984
 30
0.0
 11
75.8772813558
 21
49.6407187146
 31
0.0
  0
LINE
  5
6D4
330
1F
100
AcDbEntity
  8
0
  6
Continuous
 62
     7
370
    25
100
AcDbLine
 10
75.8000609788
 20
50.6377327634
 30
0.0
 11
75.8772813558
 21
49.6407187146
 31
0.0
  0
LINE
  5
6D5
330
1F
100
AcDbEntity
  8
0
  6
Continuous
 62
     7
370
    25
100
AcDbLine
 10
67.8239485889
 20
50.0199697471
 30
0.0
 11
75.8000609788
 21
50.6377327634
 31
0.0
  0
LINE
  5
6D6
330
1F
100
AcDbEntity
  8
0
  6
Continuous
 62
     7
370
    25
100
AcDbLine
 10
67.8239485889
 20
50.0199697471
 30
0.0
 11
67.9011689659
 21
49.0229556984
 31
0.0
  0
LINE
  5
6D7
330
1F
100
AcDbEntity
  8
0
  6
Continuous
 62
     7
370
    25
100
AcDbLine
 10
85.8474218431
 20
50.4129224849
 30
0.0
 11
93.823534233
 21
51.0306855012
 31
0.0
  0
LINE
  5
6D8
330
1F
100
AcDbEntity
  8
0
  6
Continuous
 62
     7
370
    25
100
AcDbLine
 10
93.7463138559
 20
52.0276995499
 30
0.0
 11
93.823534233
 21
51.0306855012
 31
0.0
  0
LINE
  5
6D9
330
1F
100
AcDbEntity
  8
0
  6
Continuous
 62
     7
370
    25
100
AcDbLine
 10
85.7702014661
 20
51.4099365337
 30
0.0
 11
93.7463138559
 21
52.0276995499
 31
0.0
  0
LINE
  5
6DA
330
1F
100
AcDbEntity
  8
0
  6
Continuous
 62
     7
370
    25
100
AcDbLine
 10
85.7702014661
 20
51.4099365337
 30
0.0
 11
85.8474218431
 21
50.4129224849
 31
0.0
  0
LINE
  5
6DB
330
1F
100
AcDbEntity
  8
0
  6
Continuous
 62
     7
370
    25
100
AcDbLine
 10
76.7005530045
 20
53.3974901134
 30
0.0
 11
77.350945347
 21
54.1570885604
 31
0.0
  0
LINE
  5
6DC
330
1F
100
AcDbEntity
  8
0
  6
Continuous
 62
     7
370
    25
100
AcDbLine
 10
71.2741577707
 20
59.3602273009
 30
0.0
 11
77.350945347
 21
54.1570885604
 31
0.0
  0
LINE
  5
6DD
330
1F
100
AcDbEntity
  8
0
  6
Continuous
 62
     7
370
    25
100
AcDbLine
 10
70.6237654281
 20
58.6006288538
 30
0.0
 11
71.2741577707
 21
59.3602273009
 31
0.0
  0
LINE
  5
6DE
330
1F
100
AcDbEntity
  8
0
  6
Continuous
 62
     7
370
    25
100
AcDbLine
 10
70.6237654281
 20
58.6006288538
 30
0.0
 11
76.7005530045
 21
53.3974901134
 31
0.0
  0
LINE
  5
6DF
330
1F
100
AcDbEntity
  8
0
  6
Continuous
 62
     7
370
    25
100
AcDbLine
 10
94.892077339
 20
85.0510607501
 30
0.0
 11
86.892077339
 21
85.0510607501
 31
0.0
  0
LINE
  5
6E0
330
1F
100
AcDbEntity
  8
0
  6
Continuous
 62
     7
370
    25
100
AcDbLine
 10
86.892077339
 20
84.0510607501
 30
0.0
 11
86.892077339
 21
85.0510607501
 31
0.0
  0
LINE
  5
6E1
330
1F
100
AcDbEntity
  8
0
  6
Continuous
 62
     7
370
    25
100
AcDbLine
 10
94.892077339
 20
84.0510607501
 30
0.0
 11
86.892077339
 21
84.0510607501
 31
0.0
  0
LINE
  5
6E2
330
1F
100
AcDbEntity
  8
0
  6
Continuous
 62
     7
370
    25
100
AcDbLine
 10
94.892077339
 20
84.0510607501
 30
0.0
 11
94.892077339
 21
85.0510607501
 31
0.0
  0
LINE
  5
6E3
330
1F
100
AcDbEntity
  8
0
  6
Continuous
 62
     7
370
    25
100
AcDbLine
 10
72.346135793
 20
93.389895515
 30
0.0
 11
78.0029900425
 21
87.7330412655
 31
0.0
  0
LINE
  5
6E4
330
1F
100
AcDbEntity
  8
0
  6
Continuous
 62
     7
370
    25
100
AcDbLine
 10
78.7100968237
 20
88.4401480467
 30
0.0
 11
78.0029900425
 21
87.7330412655
 31
0.0
  0
LINE
  5
6E5
330
1F
100
AcDbEntity
  8
0
  6
Continuous
 62
     7
370
    25
100
AcDbLine
 10
73.0532425742
 20
94.0970022962
 30
0.0
 11
78.7100968237
 21
88.4401480467
 31
0.0
  0
LINE
  5
6E6
330
1F
100
AcDbEntity
  8
0
  6
Continuous
 62
     7
370
    25
100
AcDbLine
 10
73.0532425742
 20
94.0970022962
 30
0.0
 11
72.346135793
 21
93.389895515
 31
0.0
  0
LINE
  5
6E7
330
1F
100
AcDbEntity
  8
0
  6
Continuous
 62
     7
370
    25
100
AcDbLine
 10
82.392077339
 20
97.5510607501
 30
0.0
 11
81.392077339
 21
97.5510607501
 31
0.0
  0
LINE
  5
6E8
330
1F
100
AcDbEntity
  8
0
  6
Continuous
 62
     7
370
    25
100
AcDbLine
 10
81.392077339
 20
89.5510607501
 30
0.0
 11
81.392077339
 21
97.5510607501
 31
0.0
  0
LINE
  5
6E9
330
1F
100
AcDbEntity
  8
0
  6
Continuous
 62
     7
370
    25
100
AcDbLine
 10
82.392077339
 20
89.5510607501
 30
0.0
 11
81.392077339
 21
89.5510607501
 31
0.0
  0
LINE
  5
6EA
330
1F
100
AcDbEntity
  8
0
  6
Continuous
 62
     7
370
    25
100
AcDbLine
 10
82.392077339
 20
89.5510607501
 30
0.0
 11
82.392077339
 21
97.5510607501
 31
0.0
  0
LINE
  5
6EB
330
1F
100
AcDbEntity
  8
0
  6
Continuous
 62
     7
370
    25
100
AcDbLine
 10
73.0532425742
 20
75.0051192041
 30
0.0
 11
78.7100968237
 21
80.6619734536
 31
0.0
  0
LINE
  5
6EC
330
1F
100
AcDbEntity
  8
0
  6
Continuous
 62
     7
370
    25
100
AcDbLine
 10
78.0029900425
 20
81.3690802348
 30
0.0
 11
78.7100968237
 21
80.6619734536
 31
0.0
  0
LINE
  5
6ED
330
1F
100
AcDbEntity
  8
0
  6
Continuous
 62
     7
370
    25
100
AcDbLine
 10
72.346135793
 20
75.7122259853
 30
0.0
 11
78.0029900425
 21
81.3690802348
 31
0.0
  0
LINE
  5
6EE
330
1F
100
AcDbEntity
  8
0
  6
Continuous
 62
     7
370
    25
100
AcDbLine
 10
72.346135793
 20
75.7122259853
 30
0.0
 11
73.0532425742
 21
75.0051192041
 31
0.0
  0
LINE
  5
6EF
330
1F
100
AcDbEntity
  8
0
  6
Continuous
 62
     7
370
    25
100
AcDbLine
 10
82.392077339
 20
79.5510607501
 30
0.0
 11
81.392077339
 21
79.5510607501
 31
0.0
  0
LINE
  5
6F0
330
1F
100
AcDbEntity
  8
0
  6
Continuous
 62
     7
370
    25
100
AcDbLine
 10
81.392077339
 20
71.5510607501
 30
0.0
 11
81.392077339
 21
79.5510607501
 31
0.0
  0
LINE
  5
6F1
330
1F
100
AcDbEntity
  8
0
  6
Continuous
 62
     7
370
    25
100
AcDbLine
 10
82.392077339
 20
71.5510607501
 30
0.0
 11
81.392077339
 21
71.5510607501
 31
0.0
  0
LINE
  5
6F2
330
1F
100
AcDbEntity
  8
0
  6
Continuous
 62
     7
370
    25
100
AcDbLine
 10
82.392077339
 20
71.5510607501
 30
0.0
 11
82.392077339
 21
79.5510607501
 31
0.0
  0
LINE
  5
6F3
330
1F
100
AcDbEntity
  8
0
  6
Continuous
 62
     7
370
    25
100
AcDbLine
 10
76.892077339
 20
85.0510607501
 30
0.0
 11
68.892077339
 21
85.0510607501
 31
0.0
  0
LINE
  5
6F4
330
1F
100
AcDbEntity
  8
0
  6
Continuous
 62
     7
370
    25
100
AcDbLine
 10
68.892077339
 20
84.0510607501
 30
0.0
 11
68.892077339
 21
85.0510607501
 31
0.0
  0
LINE
  5
6F5
330
1F
100
AcDbEntity
  8
0
  6
Continuous
 62
     7
370
    25
100
AcDbLine
 10
76.892077339
 20
84.0510607501
 30
0.0
 11
68.892077339
 21
84.0510607501
 31
0.0
  0
LINE
  5
6F6
330
1F
100
AcDbEntity
  8
0
  6
Continuous
 62
     7
370
    25
100
AcDbLine
 10
76.892077339
 20
84.0510607501
 30
0.0
 11
76.892077339
 21
85.0510607501
 31
0.0
  0
LINE
  5
6F7
330
1F
100
AcDbEntity
  8
0
  6
Continuous
 62
     7
370
    25
100
AcDbLine
 10
91.438018885
 20
75.7122259853
 30
0.0
 11
85.7811646356
 21
81.3690802348
 31
0.0
  0
LINE
  5
6F8
330
1F
100
AcDbEntity
  8
0
  6
Continuous
 62
     7
370
    25
100
AcDbLine
 10
85.0740578544
 20
80.6619734536
 30
0.0
 11
85.7811646356
 21
81.3690802348
 31
0.0
  0
LINE
  5
6F9
330
1F
100
AcDbEntity
  8
0
  6
Continuous
 62
     7
370
    25
100
AcDbLine
 10
90.7309121039
 20
75.0051192041
 30
0.0
 11
85.0740578544
 21
80.6619734536
 31
0.0
  0
LINE
  5
6FA
330
1F
100
AcDbEntity
  8
0
  6
Continuous
 62
     7
370
    25
100
AcDbLine
 10
90.7309121039
 20
75.0051192041
 30
0.0
 11
91.438018885
 21
75.7122259853
 31
0.0
  0
LINE
  5
6FB
330
1F
100
AcDbEntity
  8
0
  6
Continuous
 62
     7
370
    25
100
AcDbLine
 10
90.7309121039
 20
94.0970022962
 30
0.0
 11
85.0740578544
 21
88.4401480467
 31
0.0
  0
LINE
  5
6FC
330
1F
100
AcDbEntity
  8
0
  6
Continuous
 62
     7
370
    25
100
AcDbLine
 10
85.7811646356
 20
87.7330412655
 30
0.0
 11
85.0740578544
 21
88.4401480467
 31
0.0
  0
LINE
  5
6FD
330
1F
100
AcDbEntity
  8
0
  6
Continuous
 62
     7
370
    25
100
AcDbLine
 10
91.4380188851
 20
93.389895515
 30
0.0
 11
85.7811646356
 21
87.7330412655
 31
0.0
  0
LINE
  5
6FE
330
1F
100
AcDbEntity
  8
0
  6
Continuous
 62
     7
370
    25
100
AcDbLine
 10
91.4380188851
 20
93.389895515
 30
0.0
 11
90.7309121039
 21
94.0970022962
 31
0.0
  0
LINE
  5
6FF
330
1F
100
AcDbEntity
  8
0
  6
Continuous
 62
     7
370
    25
100
AcDbLine
 10
-143.9718100749
 20
80.6345221498
 30
0.0
 11
-145.3718100749
 21
80.6345221498
 31
0.0
  0
LINE
  5
700
330
1F
100
AcDbEntity
  8
0
  6
Continuous
 62
     7
370
    25
100
AcDbLine
 10
-145.3718100749
 20
80.6345221498
 30
0.0
 11
-145.3718100749
 21
100.6345221498
 31
0.0
  0
LINE
  5
701
330
1F
100
AcDbEntity
  8
0
  6
Continuous
 62
     7
370
    25
100
AcDbLine
 10
-145.3718100749
 20
100.6345221498
 30
0.0
 11
-143.9718100749
 21
100.6345221498
 31
0.0
  0
LINE
  5
702
330
1F
100
AcDbEntity
  8
0
  6
Continuous
 62
     7
370
    25
100
AcDbLine
 10
-138.9718100749
 20
122.6345221498
 30
0.0
 11
-138.9718100749
 21
124.0345221498
 31
0.0
  0
LINE
  5
703
330
1F
100
AcDbEntity
  8
0
  6
Continuous
 62
     7
370
    25
100
AcDbLine
 10
-138.9718100749
 20
124.0345221498
 30
0.0
 11
-128.9718100749
 21
124.0345221498
 31
0.0
  0
LINE
  5
704
330
1F
100
AcDbEntity
  8
0
  6
Continuous
 62
     7
370
    25
100
AcDbLine
 10
-128.9718100749
 20
124.0345221498
 30
0.0
 11
-128.9718100749
 21
122.6345221498
 31
0.0
  0
LINE
  5
705
330
1F
100
AcDbEntity
  8
0
  6
Continuous
 62
     7
370
    25
100
AcDbLine
 10
-118.9718100749
 20
118.6345221498
 30
0.0
 11
-118.9718100749
 21
117.2345221498
 31
0.0
  0
LINE
  5
706
330
1F
100
AcDbEntity
  8
0
  6
Continuous
 62
     7
370
    25
100
AcDbLine
 10
-124.9718100749
 20
118.6345221498
 30
0.0
 11
-118.9718100749
 21
118.6345221498
 31
0.0
  0
LINE
  5
707
330
1F
100
AcDbEntity
  8
0
  6
Continuous
 62
     7
370
    25
100
AcDbLine
 10
-124.9718100749
 20
117.2345221498
 30
0.0
 11
-124.9718100749
 21
118.6345221498
 31
0.0
  0
LINE
  5
708
330
1F
100
AcDbEntity
  8
0
  6
Continuous
 62
     7
370
    25
100
AcDbLine
 10
-118.9718100749
 20
117.2345221498
 30
0.0
 11
-124.9718100749
 21
117.2345221498
 31
0.0
  0
LINE
  5
709
330
1F
100
AcDbEntity
  8
0
  6
Continuous
 62
     7
370
    25
100
AcDbLine
 10
-112.6611435929
 20
110.6345221498
 30
0.0
 11
-112.6611435929
 21
104.6345221498
 31
0.0
  0
LINE
  5
70A
330
1F
100
AcDbEntity
  8
0
  6
Continuous
 62
     7
370
    25
100
AcDbLine
 10
-114.0611435929
 20
110.6345221498
 30
0.0
 11
-112.6611435929
 21
110.6345221498
 31
0.0
  0
LINE
  5
70B
330
1F
100
AcDbEntity
  8
0
  6
Continuous
 62
     7
370
    25
100
AcDbLine
 10
-114.0611435929
 20
104.6345221498
 30
0.0
 11
-114.0611435929
 21
110.6345221498
 31
0.0
  0
LINE
  5
70C
330
1F
100
AcDbEntity
  8
0
  6
Continuous
 62
     7
370
    25
100
AcDbLine
 10
-112.6611435929
 20
104.6345221498
 30
0.0
 11
-114.0611435929
 21
104.6345221498
 31
0.0
  0
LINE
  5
70D
330
1F
100
AcDbEntity
  8
0
  6
Continuous
 62
     7
370
    25
100
AcDbLine
 10
-123.9718100749
 20
75.0185253068
 30
0.0
 11
-143.9718100749
 21
75.0185253068
 31
0.0
  0
LINE
  5
70E
330
1F
100
AcDbEntity
  8
0
  6
Continuous
 62
     7
370
    25
100
AcDbLine
 10
-121.6611435929
 20
88.8265237283
 30
0.0
 11
-123.9718100749
 21
75.0185253068
 31
0.0
  0
LINE
  5
70F
330
1F
100
AcDbEntity
  8
0
  6
Continuous
 62
     7
370
    25
100
AcDbLine
 10
-124.6611435929
 20
88.8265237283
 30
0.0
 11
-121.6611435929
 21
88.8265237283
 31
0.0
  0
LINE
  5
710
330
1F
100
AcDbEntity
  8
0
  6
Continuous
 62
     7
370
    25
100
AcDbLine
 10
-124.6611435929
 20
102.6345221498
 30
0.0
 11
-124.6611435929
 21
88.8265237283
 31
0.0
  0
LINE
  5
711
330
1F
100
AcDbEntity
  8
0
  6
Continuous
 62
     7
370
    25
100
AcDbLine
 10
-110.6611435929
 20
102.6345221498
 30
0.0
 11
-124.6611435929
 21
102.6345221498
 31
0.0
  0
LINE
  5
712
330
1F
100
AcDbEntity
  8
0
  6
Continuous
 62
     7
370
    25
100
AcDbLine
 10
-110.6611435929
 20
111.1457266633
 30
0.0
 11
-110.6611435929
 21
102.6345221498
 31
0.0
  0
LINE
  5
713
330
1F
100
AcDbEntity
  8
0
  6
Continuous
 62
     7
370
    25
100
AcDbLine
 10
-143.9718100749
 20
122.6345221498
 30
0.0
 11
-138.9718100749
 21
122.6345221498
 31
0.0
  0
LINE
  5
714
330
1F
100
AcDbEntity
  8
0
  6
Continuous
 62
     7
370
    25
100
AcDbLine
 10
-143.9718100749
 20
75.0185253068
 30
0.0
 11
-143.9718100749
 21
80.6345221498
 31
0.0
  0
LINE
  5
715
330
1F
100
AcDbEntity
  8
0
  6
Continuous
 62
     7
370
    25
100
AcDbLine
 10
-143.9718100749
 20
100.6345221498
 30
0.0
 11
-143.9718100749
 21
122.6345221498
 31
0.0
  0
LINE
  5
716
330
1F
100
AcDbEntity
  8
0
  6
Continuous
 62
     7
370
    25
100
AcDbLine
 10
-128.9718100749
 20
122.6345221498
 30
0.0
 11
-119.9718100749
 21
122.6345221498
 31
0.0
  0
LINE
  5
717
330
1F
100
AcDbEntity
  8
0
  6
Continuous
 62
     7
370
    25
100
AcDbLine
 10
-16.9878396158
 20
16.3714401297
 30
0.0
 11
-16.9878396158
 21
36.3714401297
 31
0.0
  0
LINE
  5
718
330
1F
100
AcDbEntity
  8
0
  6
Continuous
 62
     7
370
    25
100
AcDbLine
 10
-16.9878396158
 20
36.3714401297
 30
0.0
 11
-15.5878396158
 21
36.3714401297
 31
0.0
  0
LINE
  5
719
330
1F
100
AcDbEntity
  8
0
  6
Continuous
 62
     7
370
    25
100
AcDbLine
 10
-15.5878396158
 20
36.3714401297
 30
0.0
 11
-15.5878396158
 21
58.3714401297
 31
0.0
  0
LINE
  5
71A
330
1F
100
AcDbEntity
  8
0
  6
Continuous
 62
     7
370
    25
100
AcDbLine
 10
-15.5878396158
 20
58.3714401297
 30
0.0
 11
-10.5878396158
 21
58.3714401297
 31
0.0
  0
LINE
  5
71B
330
1F
100
AcDbEntity
  8
0
  6
Continuous
 62
     7
370
    25
100
AcDbLine
 10
-0.5878396158
 20
59.7714401297
 30
0.0
 11
-0.5878396158
 21
58.3714401297
 31
0.0
  0
LINE
  5
71C
330
1F
100
AcDbEntity
  8
0
  6
Continuous
 62
     7
370
    25
100
AcDbLine
 10
-0.5878396158
 20
58.3714401297
 30
0.0
 11
8.4121603842
 21
58.3714401297
 31
0.0
  0
LINE
  5
71D
330
1F
100
AcDbEntity
  8
0
  6
Continuous
 62
     7
370
    25
100
AcDbLine
 10
17.7228268663
 20
46.8826446432
 30
0.0
 11
17.7228268663
 21
38.3714401297
 31
0.0
  0
LINE
  5
71E
330
1F
100
AcDbEntity
  8
0
  6
Continuous
 62
     7
370
    25
100
AcDbLine
 10
17.7228268663
 20
38.3714401297
 30
0.0
 11
3.7228268663
 21
38.3714401297
 31
0.0
  0
LINE
  5
71F
330
1F
100
AcDbEntity
  8
0
  6
Continuous
 62
     7
370
    25
100
AcDbLine
 10
3.7228268663
 20
38.3714401297
 30
0.0
 11
3.7228268663
 21
24.5634417082
 31
0.0
  0
LINE
  5
720
330
1F
100
AcDbEntity
  8
0
  6
Continuous
 62
     7
370
    25
100
AcDbLine
 10
3.7228268663
 20
24.5634417082
 30
0.0
 11
6.7228268663
 21
24.5634417082
 31
0.0
  0
LINE
  5
721
330
1F
100
AcDbEntity
  8
0
  6
Continuous
 62
     7
370
    25
100
AcDbLine
 10
6.7228268663
 20
24.5634417082
 30
0.0
 11
4.4121603842
 21
10.7554432866
 31
0.0
  0
LINE
  5
722
330
1F
100
AcDbEntity
  8
0
  6
Continuous
 62
     7
370
    25
100
AcDbLine
 10
4.4121603842
 20
10.7554432866
 30
0.0
 11
-15.5878396158
 21
10.7554432866
 31
0.0
  0
LINE
  5
723
330
1F
100
AcDbEntity
  8
0
  6
Continuous
 62
     7
370
    25
100
AcDbLine
 10
-15.5878396158
 20
10.7554432866
 30
0.0
 11
-15.5878396158
 21
16.3714401297
 31
0.0
  0
LINE
  5
724
330
1F
100
AcDbEntity
  8
0
  6
Continuous
 62
     7
370
    25
100
AcDbLine
 10
9.4121603842
 20
54.3714401297
 30
0.0
 11
9.4121603842
 21
52.9714401297
 31
0.0
  0
LINE
  5
725
330
1F
100
AcDbEntity
  8
0
  6
Continuous
 62
     7
370
    25
100
AcDbLine
 10
3.4121603842
 20
54.3714401297
 30
0.0
 11
9.4121603842
 21
54.3714401297
 31
0.0
  0
LINE
  5
726
330
1F
100
AcDbEntity
  8
0
  6
Continuous
 62
     7
370
    25
100
AcDbLine
 10
3.4121603842
 20
52.9714401297
 30
0.0
 11
3.4121603842
 21
54.3714401297
 31
0.0
  0
LINE
  5
727
330
1F
100
AcDbEntity
  8
0
  6
Continuous
 62
     7
370
    25
100
AcDbLine
 10
14.3228268663
 20
46.3714401297
 30
0.0
 11
15.7228268663
 21
46.3714401297
 31
0.0
  0
LINE
  5
728
330
1F
100
AcDbEntity
  8
0
  6
Continuous
 62
     7
370
    25
100
AcDbLine
 10
14.3228268663
 20
40.3714401297
 30
0.0
 11
14.3228268663
 21
46.3714401297
 31
0.0
  0
LINE
  5
729
330
1F
100
AcDbEntity
  8
0
  6
Continuous
 62
     7
370
    25
100
AcDbLine
 10
15.7228268663
 20
46.3714401297
 30
0.0
 11
15.7228268663
 21
40.3714401297
 31
0.0
  0
LINE
  5
72A
330
1F
100
AcDbEntity
  8
0
  6
Continuous
 62
     7
370
    25
100
AcDbLine
 10
-15.5878396158
 20
16.3714401297
 30
0.0
 11
-16.9878396158
 21
16.3714401297
 31
0.0
  0
LINE
  5
72B
330
1F
100
AcDbEntity
  8
0
  6
Continuous
 62
     7
370
    25
100
AcDbLine
 10
15.7228268663
 20
40.3714401297
 30
0.0
 11
14.3228268663
 21
40.3714401297
 31
0.0
  0
LINE
  5
72C
330
1F
100
AcDbEntity
  8
0
  6
Continuous
 62
     7
370
    25
100
AcDbLine
 10
9.4121603842
 20
52.9714401297
 30
0.0
 11
3.4121603842
 21
52.9714401297
 31
0.0
  0
LINE
  5
72D
330
1F
100
AcDbEntity
  8
0
  6
Continuous
 62
     7
370
    25
100
AcDbLine
 10
-10.5878396158
 20
58.3714401297
 30
0.0
 11
-10.5878396158
 21
59.7714401297
 31
0.0
  0
LINE
  5
72E
330
1F
100
AcDbEntity
  8
0
  6
Continuous
 62
     7
370
    25
100
AcDbLine
 10
-10.5878396158
 20
59.7714401297
 30
0.0
 11
-0.5878396158
 21
59.7714401297
 31
0.0
  0
LINE
  5
72F
330
1F
100
AcDbEntity
  8
0
  6
Continuous
 62
     7
370
    25
100
AcDbLine
 10
-77.1180985683
 20
8.5136348389
 30
0.0
 11
-76.4109917871
 21
7.8065280578
 31
0.0
  0
LINE
  5
730
330
1F
100
AcDbEntity
  8
0
  6
Continuous
 62
     7
370
    25
100
AcDbLine
 10
-76.4109917871
 20
7.8065280578
 30
0.0
 11
-70.7541375376
 21
13.4633823072
 31
0.0
  0
LINE
  5
731
330
1F
100
AcDbEntity
  8
0
  6
Continuous
 62
     7
370
    25
100
AcDbLine
 10
-70.7541375376
 20
13.4633823072
 30
0.0
 11
-71.4612443188
 21
14.1704890884
 31
0.0
  0
LINE
  5
732
330
1F
100
AcDbEntity
  8
0
  6
Continuous
 62
     7
370
    25
100
AcDbLine
 10
-73.482059599
 20
32.7697314933
 30
0.0
 11
-72.082059599
 21
32.7697314933
 31
0.0
  0
LINE
  5
733
330
1F
100
AcDbEntity
  8
0
  6
Continuous
 62
     7
370
    25
100
AcDbLine
 10
-72.082059599
 20
22.7697314933
 30
0.0
 11
-72.082059599
 21
32.7697314933
 31
0.0
  0
LINE
  5
734
330
1F
100
AcDbEntity
  8
0
  6
Continuous
 62
     7
370
    25
100
AcDbLine
 10
-73.482059599
 20
22.7697314933
 30
0.0
 11
-72.082059599
 21
22.7697314933
 31
0.0
  0
LINE
  5
735
330
1F
100
AcDbEntity
  8
0
  6
Continuous
 62
     7
370
    25
100
AcDbLine
 10
-73.482059599
 20
20.2623721805
 30
0.0
 11
-73.482059599
 21
22.7697314933
 31
0.0
  0
LINE
  5
736
330
1F
100
AcDbEntity
  8
0
  6
Continuous
 62
     7
370
    25
100
AcDbLine
 10
-83.482059599
 20
12.0491687449
 30
0.0
 11
-78.5323121307
 21
7.0994212766
 31
0.0
  0
LINE
  5
737
330
1F
100
AcDbEntity
  8
0
  6
Continuous
 62
     7
370
    25
100
AcDbLine
 10
-88.4318070673
 20
7.0994212766
 30
0.0
 11
-83.482059599
 21
12.0491687449
 31
0.0
  0
LINE
  5
738
330
1F
100
AcDbEntity
  8
0
  6
Continuous
 62
     7
370
    25
100
AcDbLine
 10
-96.9170884415
 20
11.3420619637
 30
0.0
 11
-92.6744477544
 21
7.0994212766
 31
0.0
  0
LINE
  5
739
330
1F
100
AcDbEntity
  8
0
  6
Continuous
 62
     7
370
    25
100
AcDbLine
 10
-94.3607392554
 20
18.1410518369
 30
0.0
 11
-96.9170884415
 21
15.5847026508
 31
0.0
  0
LINE
  5
73A
330
1F
100
AcDbEntity
  8
0
  6
Continuous
 62
     7
370
    25
100
AcDbLine
 10
-93.482059599
 20
20.2623721805
 30
0.0
 11
-93.482059599
 21
22.7697314933
 31
0.0
  0
LINE
  5
73B
330
1F
100
AcDbEntity
  8
0
  6
Continuous
 62
     7
370
    25
100
AcDbLine
 10
-93.482059599
 20
22.7697314933
 30
0.0
 11
-94.882059599
 21
22.7697314933
 31
0.0
  0
LINE
  5
73C
330
1F
100
AcDbEntity
  8
0
  6
Continuous
 62
     7
370
    25
100
AcDbLine
 10
-94.882059599
 20
22.7697314933
 30
0.0
 11
-94.882059599
 21
32.7697314933
 31
0.0
  0
LINE
  5
73D
330
1F
100
AcDbEntity
  8
0
  6
Continuous
 62
     7
370
    25
100
AcDbLine
 10
-93.482059599
 20
32.7697314933
 30
0.0
 11
-93.482059599
 21
34.5197314933
 31
0.0
  0
LINE
  5
73E
330
1F
100
AcDbEntity
  8
0
  6
Continuous
 62
     7
370
    25
100
AcDbLine
 10
-73.482059599
 20
34.5197314933
 30
0.0
 11
-93.482059599
 21
34.5197314933
 31
0.0
  0
LINE
  5
73F
330
1F
100
AcDbEntity
  8
0
  6
Continuous
 62
     7
370
    25
100
AcDbLine
 10
-73.482059599
 20
32.7697314933
 30
0.0
 11
-73.482059599
 21
34.5197314933
 31
0.0
  0
LINE
  5
740
330
1F
100
AcDbEntity
  8
0
  6
Continuous
 62
     7
370
    25
100
AcDbLine
 10
-89.8460206297
 20
8.5136348389
 30
0.0
 11
-90.5531274108
 21
7.8065280578
 31
0.0
  0
LINE
  5
741
330
1F
100
AcDbEntity
  8
0
  6
Continuous
 62
     7
370
    25
100
AcDbLine
 10
-95.5028748791
 20
14.1704890884
 30
0.0
 11
-89.8460206297
 21
8.5136348389
 31
0.0
  0
LINE
  5
742
330
1F
100
AcDbEntity
  8
0
  6
Continuous
 62
     7
370
    25
100
AcDbLine
 10
-96.2099816603
 20
13.4633823072
 30
0.0
 11
-95.5028748791
 21
14.1704890884
 31
0.0
  0
LINE
  5
743
330
1F
100
AcDbEntity
  8
0
  6
Continuous
 62
     7
370
    25
100
AcDbLine
 10
-90.5531274108
 20
7.8065280578
 30
0.0
 11
-96.2099816603
 21
13.4633823072
 31
0.0
  0
LINE
  5
744
330
1F
100
AcDbEntity
  8
0
  6
Continuous
 62
     7
370
    25
100
AcDbLine
 10
-77.8252053495
 20
10.6349551825
 30
0.0
 11
-78.5323121307
 21
9.9278484013
 31
0.0
  0
LINE
  5
745
330
1F
100
AcDbEntity
  8
0
  6
Continuous
 62
     7
370
    25
100
AcDbLine
 10
-82.0678460366
 20
14.8775958696
 30
0.0
 11
-77.8252053495
 21
10.6349551825
 31
0.0
  0
LINE
  5
746
330
1F
100
AcDbEntity
  8
0
  6
Continuous
 62
     7
370
    25
100
AcDbLine
 10
-82.7749528178
 20
14.1704890884
 30
0.0
 11
-82.0678460366
 21
14.8775958696
 31
0.0
  0
LINE
  5
747
330
1F
100
AcDbEntity
  8
0
  6
Continuous
 62
     7
370
    25
100
AcDbLine
 10
-78.5323121307
 20
9.9278484013
 30
0.0
 11
-82.7749528178
 21
14.1704890884
 31
0.0
  0
LINE
  5
748
330
1F
100
AcDbEntity
  8
0
  6
Continuous
 62
     7
370
    25
100
AcDbLine
 10
-88.4318070673
 20
9.9278484013
 30
0.0
 11
-89.1389138485
 21
10.6349551825
 31
0.0
  0
LINE
  5
749
330
1F
100
AcDbEntity
  8
0
  6
Continuous
 62
     7
370
    25
100
AcDbLine
 10
-84.1891663802
 20
14.1704890884
 30
0.0
 11
-88.4318070673
 21
9.9278484013
 31
0.0
  0
LINE
  5
74A
330
1F
100
AcDbEntity
  8
0
  6
Continuous
 62
     7
370
    25
100
AcDbLine
 10
-84.8962731613
 20
14.8775958696
 30
0.0
 11
-84.1891663802
 21
14.1704890884
 31
0.0
  0
LINE
  5
74B
330
1F
100
AcDbEntity
  8
0
  6
Continuous
 62
     7
370
    25
100
AcDbLine
 10
-93.482059599
 20
32.7697314933
 30
0.0
 11
-94.882059599
 21
32.7697314933
 31
0.0
  0
LINE
  5
74C
330
1F
100
AcDbEntity
  8
0
  6
Continuous
 62
     7
370
    25
100
AcDbLine
 10
-89.1389138485
 20
10.6349551825
 30
0.0
 11
-84.8962731613
 21
14.8775958696
 31
0.0
  0
LINE
  5
74D
330
1F
100
AcDbEntity
  8
0
  6
Continuous
 62
     7
370
    25
100
AcDbLine
 10
-74.2896714436
 20
7.0994212766
 30
0.0
 11
-70.0470307564
 21
11.3420619637
 31
0.0
  0
LINE
  5
74E
330
1F
100
AcDbEntity
  8
0
  6
Continuous
 62
     7
370
    25
100
AcDbLine
 10
-70.0470307564
 20
15.5847026508
 30
0.0
 11
-72.6033799425
 21
18.1410518369
 31
0.0
  0
LINE
  5
74F
330
1F
100
AcDbEntity
  8
0
  6
Continuous
 62
     7
370
    25
100
AcDbLine
 10
-71.4612443188
 20
14.1704890884
 30
0.0
 11
-77.1180985683
 21
8.5136348389
 31
0.0
  0
LINE
  5
750
330
1F
100
AcDbEntity
  8
0
  6
Continuous
 62
     7
370
    25
100
AcDbLine
 10
-83.7214174697
 20
-89.5320417377
 30
0.0
 11
-78.0645632202
 21
-83.8751874882
 31
0.0
  0
LINE
  5
751
330
1F
100
AcDbEntity
  8
0
  6
Continuous
 62
     7
370
    25
100
AcDbLine
 10
-78.0645632202
 20
-83.8751874882
 30
0.0
 11
-78.7716700014
 21
-83.168080707
 31
0.0
  0
LINE
  5
752
330
1F
100
AcDbEntity
  8
0
  6
Continuous
 62
     7
370
    25
100
AcDbLine
 10
-78.7716700014
 20
-83.168080707
 30
0.0
 11
-84.4285242509
 21
-88.8249349565
 31
0.0
  0
LINE
  5
753
330
1F
100
AcDbEntity
  8
0
  6
Continuous
 62
     7
370
    25
100
AcDbLine
 10
-84.4285242509
 20
-88.8249349565
 30
0.0
 11
-83.7214174697
 21
-89.5320417377
 31
0.0
  0
LINE
  5
754
330
1F
100
AcDbEntity
  8
0
  6
Continuous
 62
     7
370
    25
100
AcDbLine
 10
-81.7006021895
 20
-108.1312841426
 30
0.0
 11
-83.1006021895
 21
-108.1312841426
 31
0.0
  0
LINE
  5
755
330
1F
100
AcDbEntity
  8
0
  6
Continuous
 62
     7
370
    25
100
AcDbLine
 10
-83.1006021895
 20
-98.1312841426
 30
0.0
 11
-83.1006021895
 21
-108.1312841426
 31
0.0
  0
LINE
  5
756
330
1F
100
AcDbEntity
  8
0
  6
Continuous
 62
     7
370
    25
100
AcDbLine
 10
-81.7006021895
 20
-98.1312841426
 30
0.0
 11
-83.1006021895
 21
-98.1312841426
 31
0.0
  0
LINE
  5
757
330
1F
100
AcDbEntity
  8
0
  6
Continuous
 62
     7
370
    25
100
AcDbLine
 10
-81.7006021895
 20
-95.6239248297
 30
0.0
 11
-81.7006021895
 21
-98.1312841426
 31
0.0
  0
LINE
  5
758
330
1F
100
AcDbEntity
  8
0
  6
Continuous
 62
     7
370
    25
100
AcDbLine
 10
-85.1356310321
 20
-90.9462553001
 30
0.0
 11
-82.579281846
 21
-93.5026044862
 31
0.0
  0
LINE
  5
759
330
1F
100
AcDbEntity
  8
0
  6
Continuous
 62
     7
370
    25
100
AcDbLine
 10
-80.8929903449
 20
-82.4609739258
 30
0.0
 11
-85.1356310321
 21
-86.7036146129
 31
0.0
  0
LINE
  5
75A
330
1F
100
AcDbEntity
  8
0
  6
Continuous
 62
     7
370
    25
100
AcDbLine
 10
-71.7006021895
 20
-87.4107213941
 30
0.0
 11
-76.6503496578
 21
-82.4609739258
 31
0.0
  0
LINE
  5
75B
330
1F
100
AcDbEntity
  8
0
  6
Continuous
 62
     7
370
    25
100
AcDbLine
 10
-66.7508547212
 20
-82.4609739258
 30
0.0
 11
-71.7006021895
 21
-87.4107213941
 31
0.0
  0
LINE
  5
75C
330
1F
100
AcDbEntity
  8
0
  6
Continuous
 62
     7
370
    25
100
AcDbLine
 10
-58.265573347
 20
-86.7036146129
 30
0.0
 11
-62.5082140341
 21
-82.4609739258
 31
0.0
  0
LINE
  5
75D
330
1F
100
AcDbEntity
  8
0
  6
Continuous
 62
     7
370
    25
100
AcDbLine
 10
-60.8219225331
 20
-93.5026044862
 30
0.0
 11
-58.265573347
 21
-90.9462553001
 31
0.0
  0
LINE
  5
75E
330
1F
100
AcDbEntity
  8
0
  6
Continuous
 62
     7
370
    25
100
AcDbLine
 10
-61.7006021895
 20
-95.6239248297
 30
0.0
 11
-61.7006021895
 21
-98.1312841426
 31
0.0
  0
LINE
  5
75F
330
1F
100
AcDbEntity
  8
0
  6
Continuous
 62
     7
370
    25
100
AcDbLine
 10
-61.7006021895
 20
-98.1312841426
 30
0.0
 11
-60.3006021895
 21
-98.1312841426
 31
0.0
  0
LINE
  5
760
330
1F
100
AcDbEntity
  8
0
  6
Continuous
 62
     7
370
    25
100
AcDbLine
 10
-60.3006021895
 20
-98.1312841426
 30
0.0
 11
-60.3006021895
 21
-108.1312841426
 31
0.0
  0
LINE
  5
761
330
1F
100
AcDbEntity
  8
0
  6
Continuous
 62
     7
370
    25
100
AcDbLine
 10
-61.7006021895
 20
-108.1312841426
 30
0.0
 11
-60.3006021895
 21
-108.1312841426
 31
0.0
  0
LINE
  5
762
330
1F
100
AcDbEntity
  8
0
  6
Continuous
 62
     7
370
    25
100
AcDbLine
 10
-61.7006021895
 20
-108.1312841426
 30
0.0
 11
-61.7006021895
 21
-109.8812841426
 31
0.0
  0
LINE
  5
763
330
1F
100
AcDbEntity
  8
0
  6
Continuous
 62
     7
370
    25
100
AcDbLine
 10
-81.7006021895
 20
-109.8812841426
 30
0.0
 11
-61.7006021895
 21
-109.8812841426
 31
0.0
  0
LINE
  5
764
330
1F
100
AcDbEntity
  8
0
  6
Continuous
 62
     7
370
    25
100
AcDbLine
 10
-81.7006021895
 20
-108.1312841426
 30
0.0
 11
-81.7006021895
 21
-109.8812841426
 31
0.0
  0
LINE
  5
765
330
1F
100
AcDbEntity
  8
0
  6
Continuous
 62
     7
370
    25
100
AcDbLine
 10
-65.3366411588
 20
-83.8751874882
 30
0.0
 11
-64.6295343777
 21
-83.168080707
 31
0.0
  0
LINE
  5
766
330
1F
100
AcDbEntity
  8
0
  6
Continuous
 62
     7
370
    25
100
AcDbLine
 10
-59.6797869093
 20
-89.5320417377
 30
0.0
 11
-65.3366411588
 21
-83.8751874882
 31
0.0
  0
LINE
  5
767
330
1F
100
AcDbEntity
  8
0
  6
Continuous
 62
     7
370
    25
100
AcDbLine
 10
-58.9726801282
 20
-88.8249349565
 30
0.0
 11
-59.6797869093
 21
-89.5320417377
 31
0.0
  0
LINE
  5
768
330
1F
100
AcDbEntity
  8
0
  6
Continuous
 62
     7
370
    25
100
AcDbLine
 10
-64.6295343777
 20
-83.168080707
 30
0.0
 11
-58.9726801282
 21
-88.8249349565
 31
0.0
  0
LINE
  5
769
330
1F
100
AcDbEntity
  8
0
  6
Continuous
 62
     7
370
    25
100
AcDbLine
 10
-77.357456439
 20
-85.9965078318
 30
0.0
 11
-76.6503496578
 21
-85.2894010506
 31
0.0
  0
LINE
  5
76A
330
1F
100
AcDbEntity
  8
0
  6
Continuous
 62
     7
370
    25
100
AcDbLine
 10
-73.1148157519
 20
-90.2391485189
 30
0.0
 11
-77.357456439
 21
-85.9965078318
 31
0.0
  0
LINE
  5
76B
330
1F
100
AcDbEntity
  8
0
  6
Continuous
 62
     7
370
    25
100
AcDbLine
 10
-72.4077089707
 20
-89.5320417377
 30
0.0
 11
-73.1148157519
 21
-90.2391485189
 31
0.0
  0
LINE
  5
76C
330
1F
100
AcDbEntity
  8
0
  6
Continuous
 62
     7
370
    25
100
AcDbLine
 10
-76.6503496578
 20
-85.2894010506
 30
0.0
 11
-72.4077089707
 21
-89.5320417377
 31
0.0
  0
LINE
  5
76D
330
1F
100
AcDbEntity
  8
0
  6
Continuous
 62
     7
370
    25
100
AcDbLine
 10
-70.2863886271
 20
-90.2391485189
 30
0.0
 11
-70.9934954083
 21
-89.5320417377
 31
0.0
  0
LINE
  5
76E
330
1F
100
AcDbEntity
  8
0
  6
Continuous
 62
     7
370
    25
100
AcDbLine
 10
-66.04374794
 20
-85.9965078318
 30
0.0
 11
-70.2863886271
 21
-90.2391485189
 31
0.0
  0
LINE
  5
76F
330
1F
100
AcDbEntity
  8
0
  6
Continuous
 62
     7
370
    25
100
AcDbLine
 10
-66.7508547212
 20
-85.2894010506
 30
0.0
 11
-66.04374794
 21
-85.9965078318
 31
0.0
  0
LINE
  5
770
330
1F
100
AcDbEntity
  8
0
  6
Continuous
 62
     7
370
    25
100
AcDbLine
 10
-70.9934954083
 20
-89.5320417377
 30
0.0
 11
-66.7508547212
 21
-85.2894010506
 31
0.0
  0
LINE
  5
771
330
1F
100
AcDbEntity
  8
0
  6
Continuous
 62
     7
370
    25
100
AcDbLine
 10
-6.5593459664
 20
-17.2809345286
 30
0.0
 11
-7.9593459664
 21
-17.2809345286
 31
0.0
  0
LINE
  5
772
330
1F
100
AcDbEntity
  8
0
  6
Continuous
 62
     7
370
    25
100
AcDbLine
 10
-93.9593459664
 20
-17.2809345286
 30
0.0
 11
-95.3593459664
 21
-17.2809345286
 31
0.0
  0
LINE
  5
773
330
1F
100
AcDbEntity
  8
0
  6
Continuous
 62
     7
370
    25
100
AcDbLine
 10
-95.3593459664
 20
-17.2809345286
 30
0.0
 11
-95.3593459664
 21
-7.2809345286
 31
0.0
  0
LINE
  5
774
330
1F
100
AcDbEntity
  8
0
  6
Continuous
 62
     7
370
    25
100
AcDbLine
 10
-95.3593459664
 20
-7.2809345286
 30
0.0
 11
-93.9593459664
 21
-7.2809345286
 31
0.0
  0
LINE
  5
775
330
1F
100
AcDbEntity
  8
0
  6
Continuous
 62
     7
370
    25
100
AcDbLine
 10
-40.9593459664
 20
-17.7809345286
 30
0.0
 11
-40.9593459664
 21
-7.7809345286
 31
0.0
  0
LINE
  5
776
330
1F
100
AcDbEntity
  8
0
  6
Continuous
 62
     7
370
    25
100
AcDbLine
 10
-39.9593459664
 20
-17.7809345286
 30
0.0
 11
-40.9593459664
 21
-17.7809345286
 31
0.0
  0
LINE
  5
777
330
1F
100
AcDbEntity
  8
0
  6
Continuous
 62
     7
370
    25
100
AcDbLine
 10
-60.9593459664
 20
-7.7809345286
 30
0.0
 11
-60.9593459664
 21
-17.7809345286
 31
0.0
  0
LINE
  5
778
330
1F
100
AcDbEntity
  8
0
  6
Continuous
 62
     7
370
    25
100
AcDbLine
 10
-61.9593459664
 20
-7.7809345286
 30
0.0
 11
-60.9593459664
 21
-7.7809345286
 31
0.0
  0
LINE
  5
779
330
1F
100
AcDbEntity
  8
0
  6
Continuous
 62
     7
370
    25
100
AcDbLine
 10
-61.9593459664
 20
-17.7809345286
 30
0.0
 11
-61.9593459664
 21
-7.7809345286
 31
0.0
  0
LINE
  5
77A
330
1F
100
AcDbEntity
  8
0
  6
Continuous
 62
     7
370
    25
100
AcDbLine
 10
-7.9593459664
 20
-22.2809345286
 30
0.0
 11
-93.9593459664
 21
-22.2809345286
 31
0.0
  0
LINE
  5
77B
330
1F
100
AcDbEntity
  8
0
  6
Continuous
 62
     7
370
    25
100
AcDbLine
 10
-93.9593459664
 20
-7.2809345286
 30
0.0
 11
-93.9593459664
 21
-2.2809345286
 31
0.0
  0
LINE
  5
77C
330
1F
100
AcDbEntity
  8
0
  6
Continuous
 62
     7
370
    25
100
AcDbLine
 10
-39.9593459664
 20
-7.7809345286
 30
0.0
 11
-39.9593459664
 21
-17.7809345286
 31
0.0
  0
LINE
  5
77D
330
1F
100
AcDbEntity
  8
0
  6
Continuous
 62
     7
370
    25
100
AcDbLine
 10
-65.9593459664
 20
-0.8809345286
 30
0.0
 11
-35.9593459664
 21
-0.8809345286
 31
0.0
  0
LINE
  5
77E
330
1F
100
AcDbEntity
  8
0
  6
Continuous
 62
     7
370
    25
100
AcDbLine
 10
-65.9593459664
 20
-2.2809345286
 30
0.0
 11
-65.9593459664
 21
-0.8809345286
 31
0.0
  0
LINE
  5
77F
330
1F
100
AcDbEntity
  8
0
  6
Continuous
 62
     7
370
    25
100
AcDbLine
 10
-60.9593459664
 20
-17.7809345286
 30
0.0
 11
-61.9593459664
 21
-17.7809345286
 31
0.0
  0
LINE
  5
780
330
1F
100
AcDbEntity
  8
0
  6
Continuous
 62
     7
370
    25
100
AcDbLine
 10
-40.9593459664
 20
-7.7809345286
 30
0.0
 11
-39.9593459664
 21
-7.7809345286
 31
0.0
  0
LINE
  5
781
330
1F
100
AcDbEntity
  8
0
  6
Continuous
 62
     7
370
    25
100
AcDbLine
 10
-7.9593459664
 20
-7.2809345286
 30
0.0
 11
-6.5593459664
 21
-7.2809345286
 31
0.0
  0
LINE
  5
782
330
1F
100
AcDbEntity
  8
0
  6
Continuous
 62
     7
370
    25
100
AcDbLine
 10
-35.9593459664
 20
-0.8809345286
 30
0.0
 11
-35.9593459664
 21
-2.2809345286
 31
0.0
  0
LINE
  5
783
330
1F
100
AcDbEntity
  8
0
  6
Continuous
 62
     7
370
    25
100
AcDbLine
 10
-6.5593459664
 20
-7.2809345286
 30
0.0
 11
-6.5593459664
 21
-17.2809345286
 31
0.0
  0
LINE
  5
784
330
1F
100
AcDbEntity
  8
0
  6
Continuous
 62
     7
370
    25
100
AcDbLine
 10
-93.9593459664
 20
-22.2809345286
 30
0.0
 11
-93.9593459664
 21
-17.2809345286
 31
0.0
  0
LINE
  5
785
330
1F
100
AcDbEntity
  8
0
  6
Continuous
 62
     7
370
    25
100
AcDbLine
 10
-7.9593459664
 20
-17.2809345286
 30
0.0
 11
-7.9593459664
 21
-22.2809345286
 31
0.0
  0
LINE
  5
786
330
1F
100
AcDbEntity
  8
0
  6
Continuous
 62
     7
370
    25
100
AcDbLine
 10
-35.9593459664
 20
-2.2809345286
 30
0.0
 11
-7.9593459664
 21
-2.2809345286
 31
0.0
  0
LINE
  5
787
330
1F
100
AcDbEntity
  8
0
  6
Continuous
 62
     7
370
    25
100
AcDbLine
 10
-93.9593459664
 20
-2.2809345286
 30
0.0
 11
-65.9593459664
 21
-2.2809345286
 31
0.0
  0
LINE
  5
788
330
1F
100
AcDbEntity
  8
0
  6
Continuous
 62
     7
370
    25
100
AcDbLine
 10
-7.9593459664
 20
-2.2809345286
 30
0.0
 11
-7.9593459664
 21
-7.2809345286
 31
0.0
  0
LINE
  5
789
330
1F
100
AcDbEntity
  8
0
  6
Continuous
 62
     7
370
    25
100
AcDbLine
 10
-178.4483218026
 20
139.8744377364
 30
0.0
 11
-178.4483218026
 21
138.4744377364
 31
0.0
  0
LINE
  5
78A
330
1F
100
AcDbEntity
  8
0
  6
Continuous
 62
     7
370
    25
100
AcDbLine
 10
-177.9483218026
 20
85.7244377364
 30
0.0
 11
-187.9483218026
 21
85.7244377364
 31
0.0
  0
LINE
  5
78B
330
1F
100
AcDbEntity
  8
0
  6
Continuous
 62
     7
370
    25
100
AcDbLine
 10
-177.9483218026
 20
86.7244377364
 30
0.0
 11
-177.9483218026
 21
85.7244377364
 31
0.0
  0
LINE
  5
78C
330
1F
100
AcDbEntity
  8
0
  6
Continuous
 62
     7
370
    25
100
AcDbLine
 10
-187.9483218026
 20
85.7244377364
 30
0.0
 11
-187.9483218026
 21
86.7244377364
 31
0.0
  0
LINE
  5
78D
330
1F
100
AcDbEntity
  8
0
  6
Continuous
 62
     7
370
    25
100
AcDbLine
 10
-177.9483218026
 20
117.7244377364
 30
0.0
 11
-187.9483218026
 21
117.7244377364
 31
0.0
  0
LINE
  5
78E
330
1F
100
AcDbEntity
  8
0
  6
Continuous
 62
     7
370
    25
100
AcDbLine
 10
-187.9483218026
 20
118.7244377364
 30
0.0
 11
-177.9483218026
 21
118.7244377364
 31
0.0
  0
LINE
  5
78F
330
1F
100
AcDbEntity
  8
0
  6
Continuous
 62
     7
370
    25
100
AcDbLine
 10
-187.9483218026
 20
117.7244377364
 30
0.0
 11
-187.9483218026
 21
118.7244377364
 31
0.0
  0
LINE
  5
790
330
1F
100
AcDbEntity
  8
0
  6
Continuous
 62
     7
370
    25
100
AcDbLine
 10
-190.4483218026
 20
138.4744377364
 30
0.0
 11
-188.4483218026
 21
138.4744377364
 31
0.0
  0
LINE
  5
791
330
1F
100
AcDbEntity
  8
0
  6
Continuous
 62
     7
370
    25
100
AcDbLine
 10
-178.4483218026
 20
138.4744377364
 30
0.0
 11
-175.4483218026
 21
138.4744377364
 31
0.0
  0
LINE
  5
792
330
1F
100
AcDbEntity
  8
0
  6
Continuous
 62
     7
370
    25
100
AcDbLine
 10
-190.4483218026
 20
112.2244377364
 30
0.0
 11
-190.4483218026
 21
138.4744377364
 31
0.0
  0
LINE
  5
793
330
1F
100
AcDbEntity
  8
0
  6
Continuous
 62
     7
370
    25
100
AcDbLine
 10
-190.4483218026
 20
92.2244377364
 30
0.0
 11
-191.8483218026
 21
92.2244377364
 31
0.0
  0
LINE
  5
794
330
1F
100
AcDbEntity
  8
0
  6
Continuous
 62
     7
370
    25
100
AcDbLine
 10
-188.4483218026
 20
138.4744377364
 30
0.0
 11
-188.4483218026
 21
139.8744377364
 31
0.0
  0
LINE
  5
795
330
1F
100
AcDbEntity
  8
0
  6
Continuous
 62
     7
370
    25
100
AcDbLine
 10
-175.4483218026
 20
138.4744377364
 30
0.0
 11
-175.4483218026
 21
64.5744377364
 31
0.0
  0
LINE
  5
796
330
1F
100
AcDbEntity
  8
0
  6
Continuous
 62
     7
370
    25
100
AcDbLine
 10
-185.4483218026
 20
64.5744377364
 30
0.0
 11
-185.4483218026
 21
65.9744377364
 31
0.0
  0
LINE
  5
797
330
1F
100
AcDbEntity
  8
0
  6
Continuous
 62
     7
370
    25
100
AcDbLine
 10
-177.9483218026
 20
118.7244377364
 30
0.0
 11
-177.9483218026
 21
117.7244377364
 31
0.0
  0
LINE
  5
798
330
1F
100
AcDbEntity
  8
0
  6
Continuous
 62
     7
370
    25
100
AcDbLine
 10
-185.4483218026
 20
65.9744377364
 30
0.0
 11
-190.4483218026
 21
65.9744377364
 31
0.0
  0
LINE
  5
799
330
1F
100
AcDbEntity
  8
0
  6
Continuous
 62
     7
370
    25
100
AcDbLine
 10
-175.4483218026
 20
64.5744377364
 30
0.0
 11
-185.4483218026
 21
64.5744377364
 31
0.0
  0
LINE
  5
79A
330
1F
100
AcDbEntity
  8
0
  6
Continuous
 62
     7
370
    25
100
AcDbLine
 10
-190.4483218026
 20
65.9744377364
 30
0.0
 11
-190.4483218026
 21
92.2244377364
 31
0.0
  0
LINE
  5
79B
330
1F
100
AcDbEntity
  8
0
  6
Continuous
 62
     7
370
    25
100
AcDbLine
 10
-188.4483218026
 20
139.8744377364
 30
0.0
 11
-178.4483218026
 21
139.8744377364
 31
0.0
  0
LINE
  5
79C
330
1F
100
AcDbEntity
  8
0
  6
Continuous
 62
     7
370
    25
100
AcDbLine
 10
-187.9483218026
 20
86.7244377364
 30
0.0
 11
-177.9483218026
 21
86.7244377364
 31
0.0
  0
LINE
  5
79D
330
1F
100
AcDbEntity
  8
0
  6
Continuous
 62
     7
370
    25
100
AcDbLine
 10
-191.8483218026
 20
112.2244377364
 30
0.0
 11
-190.4483218026
 21
112.2244377364
 31
0.0
  0
LINE
  5
79E
330
1F
100
AcDbEntity
  8
0
  6
Continuous
 62
     7
370
    25
100
AcDbLine
 10
-191.8483218026
 20
92.2244377364
 30
0.0
 11
-191.8483218026
 21
112.2244377364
 31
0.0
  0
LINE
  5
79F
330
1F
100
AcDbEntity
  8
0
  6
Continuous
 62
     7
370
    25
100
AcDbLine
 10
-166.7735076485
 20
139.3581272834
 30
0.0
 11
-156.7735076485
 21
139.3581272834
 31
0.0
  0
LINE
  5
7A0
330
1F
100
AcDbEntity
  8
0
  6
Continuous
 62
     7
370
    25
100
AcDbLine
 10
-156.7735076485
 20
139.3581272834
 30
0.0
 11
-156.7735076485
 21
137.9581272834
 31
0.0
  0
LINE
  5
7A1
330
1F
100
AcDbEntity
  8
0
  6
Continuous
 62
     7
370
    25
100
AcDbLine
 10
-156.7735076485
 20
137.9581272834
 30
0.0
 11
-153.7735076485
 21
137.9581272834
 31
0.0
  0
LINE
  5
7A2
330
1F
100
AcDbEntity
  8
0
  6
Continuous
 62
     7
370
    25
100
AcDbLine
 10
-153.7735076485
 20
137.9581272834
 30
0.0
 11
-153.7735076485
 21
64.0581272834
 31
0.0
  0
LINE
  5
7A3
330
1F
100
AcDbEntity
  8
0
  6
Continuous
 62
     7
370
    25
100
AcDbLine
 10
-153.7735076485
 20
64.0581272834
 30
0.0
 11
-163.7735076485
 21
64.0581272834
 31
0.0
  0
LINE
  5
7A4
330
1F
100
AcDbEntity
  8
0
  6
Continuous
 62
     7
370
    25
100
AcDbLine
 10
-163.7735076485
 20
64.0581272834
 30
0.0
 11
-163.7735076485
 21
65.4581272834
 31
0.0
  0
LINE
  5
7A5
330
1F
100
AcDbEntity
  8
0
  6
Continuous
 62
     7
370
    25
100
AcDbLine
 10
-163.7735076485
 20
65.4581272834
 30
0.0
 11
-168.7735076485
 21
65.4581272834
 31
0.0
  0
LINE
  5
7A6
330
1F
100
AcDbEntity
  8
0
  6
Continuous
 62
     7
370
    25
100
AcDbLine
 10
-168.7735076485
 20
65.4581272834
 30
0.0
 11
-168.7735076485
 21
91.7081272834
 31
0.0
  0
LINE
  5
7A7
330
1F
100
AcDbEntity
  8
0
  6
Continuous
 62
     7
370
    25
100
AcDbLine
 10
-168.7735076485
 20
91.7081272834
 30
0.0
 11
-170.1735076485
 21
91.7081272834
 31
0.0
  0
LINE
  5
7A8
330
1F
100
AcDbEntity
  8
0
  6
Continuous
 62
     7
370
    25
100
AcDbLine
 10
-168.7735076485
 20
111.7081272834
 30
0.0
 11
-168.7735076485
 21
137.9581272834
 31
0.0
  0
LINE
  5
7A9
330
1F
100
AcDbEntity
  8
0
  6
Continuous
 62
     7
370
    25
100
AcDbLine
 10
-168.7735076485
 20
137.9581272834
 30
0.0
 11
-166.7735076485
 21
137.9581272834
 31
0.0
  0
LINE
  5
7AA
330
1F
100
AcDbEntity
  8
0
  6
Continuous
 62
     7
370
    25
100
AcDbLine
 10
-156.2735076485
 20
85.2081272834
 30
0.0
 11
-166.2735076485
 21
85.2081272834
 31
0.0
  0
LINE
  5
7AB
330
1F
100
AcDbEntity
  8
0
  6
Continuous
 62
     7
370
    25
100
AcDbLine
 10
-156.2735076485
 20
86.2081272834
 30
0.0
 11
-156.2735076485
 21
85.2081272834
 31
0.0
  0
LINE
  5
7AC
330
1F
100
AcDbEntity
  8
0
  6
Continuous
 62
     7
370
    25
100
AcDbLine
 10
-166.2735076485
 20
86.2081272834
 30
0.0
 11
-156.2735076485
 21
86.2081272834
 31
0.0
  0
LINE
  5
7AD
330
1F
100
AcDbEntity
  8
0
  6
Continuous
 62
     7
370
    25
100
AcDbLine
 10
-166.2735076485
 20
85.2081272834
 30
0.0
 11
-166.2735076485
 21
86.2081272834
 31
0.0
  0
LINE
  5
7AE
330
1F
100
AcDbEntity
  8
0
  6
Continuous
 62
     7
370
    25
100
AcDbLine
 10
-156.2735076485
 20
117.2081272834
 30
0.0
 11
-166.2735076485
 21
117.2081272834
 31
0.0
  0
LINE
  5
7AF
330
1F
100
AcDbEntity
  8
0
  6
Continuous
 62
     7
370
    25
100
AcDbLine
 10
-156.2735076485
 20
118.2081272834
 30
0.0
 11
-156.2735076485
 21
117.2081272834
 31
0.0
  0
LINE
  5
7B0
330
1F
100
AcDbEntity
  8
0
  6
Continuous
 62
     7
370
    25
100
AcDbLine
 10
-166.2735076485
 20
118.2081272834
 30
0.0
 11
-156.2735076485
 21
118.2081272834
 31
0.0
  0
LINE
  5
7B1
330
1F
100
AcDbEntity
  8
0
  6
Continuous
 62
     7
370
    25
100
AcDbLine
 10
-166.2735076485
 20
117.2081272834
 30
0.0
 11
-166.2735076485
 21
118.2081272834
 31
0.0
  0
LINE
  5
7B2
330
1F
100
AcDbEntity
  8
0
  6
Continuous
 62
     7
370
    25
100
AcDbLine
 10
-166.7735076485
 20
137.9581272834
 30
0.0
 11
-166.7735076485
 21
139.3581272834
 31
0.0
  0
LINE
  5
7B3
330
1F
100
AcDbEntity
  8
0
  6
Continuous
 62
     7
370
    25
100
AcDbLine
 10
-170.1735076485
 20
91.7081272834
 30
0.0
 11
-170.1735076485
 21
111.7081272834
 31
0.0
  0
LINE
  5
7B4
330
1F
100
AcDbEntity
  8
0
  6
Continuous
 62
     7
370
    25
100
AcDbLine
 10
-170.1735076485
 20
111.7081272834
 30
0.0
 11
-168.7735076485
 21
111.7081272834
 31
0.0
  0
LINE
  5
7B5
330
1F
100
AcDbEntity
  8
0
  6
Continuous
 62
     7
370
    25
100
AcDbLine
 10
196.8843067486
 20
124.7848757082
 30
0.0
 11
153.8843067486
 21
124.7848757082
 31
0.0
  0
LINE
  5
7B6
330
1F
100
AcDbEntity
  8
0
  6
Continuous
 62
     7
370
    25
100
AcDbLine
 10
196.8843067486
 20
124.7848757082
 30
0.0
 11
196.8843067486
 21
122.3348757082
 31
0.0
  0
LINE
  5
7B7
330
1F
100
AcDbEntity
  8
0
  6
Continuous
 62
     7
370
    25
100
AcDbLine
 10
196.8843067486
 20
122.3348757082
 30
0.0
 11
110.8843067486
 21
122.3348757082
 31
0.0
  0
LINE
  5
7B8
330
1F
100
AcDbEntity
  8
0
  6
Continuous
 62
     7
370
    25
100
AcDbLine
 10
110.8843067486
 20
122.3348757082
 30
0.0
 11
110.8843067486
 21
128.3348757082
 31
0.0
  0
LINE
  5
7B9
330
1F
100
AcDbEntity
  8
0
  6
Continuous
 62
     7
370
    25
100
AcDbLine
 10
110.8843067486
 20
128.3348757082
 30
0.0
 11
196.8843067486
 21
128.3348757082
 31
0.0
  0
LINE
  5
7BA
330
1F
100
AcDbEntity
  8
0
  6
Continuous
 62
     7
370
    25
100
AcDbLine
 10
196.8843067486
 20
128.3348757082
 30
0.0
 11
196.8843067486
 21
125.8848757082
 31
0.0
  0
LINE
  5
7BB
330
1F
100
AcDbEntity
  8
0
  6
Continuous
 62
     7
370
    25
100
AcDbLine
 10
153.8843067486
 20
125.8848757082
 30
0.0
 11
196.8843067486
 21
125.8848757082
 31
0.0
  0
LINE
  5
7BC
330
1F
100
AcDbEntity
  8
0
  6
Continuous
 62
     7
370
    25
100
AcDbLine
 10
153.8843067486
 20
124.7848757082
 30
0.0
 11
153.8843067486
 21
125.8848757082
 31
0.0
  0
LINE
  5
7BD
330
1F
100
AcDbEntity
  8
0
  6
Continuous
 62
     7
370
    25
100
AcDbLine
 10
-65.2111214428
 20
128.2909427066
 30
0.0
 11
-67.6611214428
 21
128.2909427066
 31
0.0
  0
LINE
  5
7BE
330
1F
100
AcDbEntity
  8
0
  6
Continuous
 62
     7
370
    25
100
AcDbLine
 10
-65.2111214428
 20
42.2909427066
 30
0.0
 11
-65.2111214428
 21
128.2909427066
 31
0.0
  0
LINE
  5
7BF
330
1F
100
AcDbEntity
  8
0
  6
Continuous
 62
     7
370
    25
100
AcDbLine
 10
-71.2111214428
 20
128.2909427066
 30
0.0
 11
-71.2111214428
 21
42.2909427066
 31
0.0
  0
LINE
  5
7C0
330
1F
100
AcDbEntity
  8
0
  6
Continuous
 62
     7
370
    25
100
AcDbLine
 10
-68.7611214428
 20
128.2909427066
 30
0.0
 11
-71.2111214428
 21
128.2909427066
 31
0.0
  0
LINE
  5
7C1
330
1F
100
AcDbEntity
  8
0
  6
Continuous
 62
     7
370
    25
100
AcDbLine
 10
-68.7611214428
 20
128.2909427066
 30
0.0
 11
-68.7611214428
 21
85.2909427066
 31
0.0
  0
LINE
  5
7C2
330
1F
100
AcDbEntity
  8
0
  6
Continuous
 62
     7
370
    25
100
AcDbLine
 10
-68.7611214428
 20
85.2909427066
 30
0.0
 11
-67.6611214428
 21
85.2909427066
 31
0.0
  0
LINE
  5
7C3
330
1F
100
AcDbEntity
  8
0
  6
Continuous
 62
     7
370
    25
100
AcDbLine
 10
-67.6611214428
 20
85.2909427066
 30
0.0
 11
-67.6611214428
 21
128.2909427066
 31
0.0
  0
LINE
  5
7C4
330
1F
100
AcDbEntity
  8
0
  6
Continuous
 62
     7
370
    25
100
AcDbLine
 10
-71.2111214428
 20
42.2909427066
 30
0.0
 11
-65.2111214428
 21
42.2909427066
 31
0.0
  0
LINE
  5
7C5
330
1F
100
AcDbEntity
  8
0
  6
Continuous
 62
     7
370
    25
100
AcDbLine
 10
-95.3428800329
 20
45.0543239875
 30
0.0
 11
-95.3428800329
 21
88.0543239875
 31
0.0
  0
LINE
  5
7C6
330
1F
100
AcDbEntity
  8
0
  6
Continuous
 62
     7
370
    25
100
AcDbLine
 10
-95.3428800329
 20
45.0543239875
 30
0.0
 11
-97.7928800329
 21
45.0543239875
 31
0.0
  0
LINE
  5
7C7
330
1F
100
AcDbEntity
  8
0
  6
Continuous
 62
     7
370
    25
100
AcDbLine
 10
-97.7928800329
 20
45.0543239875
 30
0.0
 11
-97.7928800329
 21
131.0543239875
 31
0.0
  0
LINE
  5
7C8
330
1F
100
AcDbEntity
  8
0
  6
Continuous
 62
     7
370
    25
100
AcDbLine
 10
-91.7928800329
 20
45.0543239875
 30
0.0
 11
-94.2428800329
 21
45.0543239875
 31
0.0
  0
LINE
  5
7C9
330
1F
100
AcDbEntity
  8
0
  6
Continuous
 62
     7
370
    25
100
AcDbLine
 10
-94.2428800329
 20
88.0543239875
 30
0.0
 11
-94.2428800329
 21
45.0543239875
 31
0.0
  0
LINE
  5
7CA
330
1F
100
AcDbEntity
  8
0
  6
Continuous
 62
     7
370
    25
100
AcDbLine
 10
-95.3428800329
 20
88.0543239875
 30
0.0
 11
-94.2428800329
 21
88.0543239875
 31
0.0
  0
LINE
  5
7CB
330
1F
100
AcDbEntity
  8
0
  6
Continuous
 62
     7
370
    25
100
AcDbLine
 10
-97.7928800329
 20
131.0543239875
 30
0.0
 11
-91.7928800329
 21
131.0543239875
 31
0.0
  0
LINE
  5
7CC
330
1F
100
AcDbEntity
  8
0
  6
Continuous
 62
     7
370
    25
100
AcDbLine
 10
-91.7928800329
 20
131.0543239875
 30
0.0
 11
-91.7928800329
 21
45.0543239875
 31
0.0
  0
LINE
  5
7CD
330
1F
100
AcDbEntity
  8
0
  6
Continuous
 62
     7
370
    25
100
AcDbLine
 10
-81.527086987
 20
43.8931744949
 30
0.0
 11
-81.527086987
 21
86.8931744949
 31
0.0
  0
LINE
  5
7CE
330
1F
100
AcDbEntity
  8
0
  6
Continuous
 62
     7
370
    25
100
AcDbLine
 10
-81.527086987
 20
43.8931744949
 30
0.0
 11
-83.977086987
 21
43.8931744949
 31
0.0
  0
LINE
  5
7CF
330
1F
100
AcDbEntity
  8
0
  6
Continuous
 62
     7
370
    25
100
AcDbLine
 10
-77.977086987
 20
129.8931744949
 30
0.0
 11
-77.977086987
 21
43.8931744949
 31
0.0
  0
LINE
  5
7D0
330
1F
100
AcDbEntity
  8
0
  6
Continuous
 62
     7
370
    25
100
AcDbLine
 10
-77.977086987
 20
43.8931744949
 30
0.0
 11
-80.427086987
 21
43.8931744949
 31
0.0
  0
LINE
  5
7D1
330
1F
100
AcDbEntity
  8
0
  6
Continuous
 62
     7
370
    25
100
AcDbLine
 10
-80.427086987
 20
86.8931744949
 30
0.0
 11
-80.427086987
 21
43.8931744949
 31
0.0
  0
LINE
  5
7D2
330
1F
100
AcDbEntity
  8
0
  6
Continuous
 62
     7
370
    25
100
AcDbLine
 10
-81.527086987
 20
86.8931744949
 30
0.0
 11
-80.427086987
 21
86.8931744949
 31
0.0
  0
LINE
  5
7D3
330
1F
100
AcDbEntity
  8
0
  6
Continuous
 62
     7
370
    25
100
AcDbLine
 10
-83.977086987
 20
43.8931744949
 30
0.0
 11
-83.977086987
 21
129.8931744949
 31
0.0
  0
LINE
  5
7D4
330
1F
100
AcDbEntity
  8
0
  6
Continuous
 62
     7
370
    25
100
AcDbLine
 10
-83.977086987
 20
129.8931744949
 30
0.0
 11
-77.977086987
 21
129.8931744949
 31
0.0
  0
LINE
  5
7D5
330
1F
100
AcDbEntity
  8
0
  6
Continuous
 62
     7
370
    25
100
AcDbLine
 10
107.6966999951
 20
74.0183635758
 30
0.0
 11
106.2966999951
 21
74.0183635758
 31
0.0
  0
LINE
  5
7D6
330
1F
100
AcDbEntity
  8
0
  6
Continuous
 62
     7
370
    25
100
AcDbLine
 10
106.2966999951
 20
74.0183635758
 30
0.0
 11
106.2966999951
 21
80.2683635758
 31
0.0
  0
LINE
  5
7D7
330
1F
100
AcDbEntity
  8
0
  6
Continuous
 62
     7
370
    25
100
AcDbLine
 10
106.2966999951
 20
80.2683635758
 30
0.0
 11
107.6966999951
 21
80.2683635758
 31
0.0
  0
LINE
  5
7D8
330
1F
100
AcDbEntity
  8
0
  6
Continuous
 62
     7
370
    25
100
AcDbLine
 10
107.6966999951
 20
80.2683635758
 30
0.0
 11
107.6966999951
 21
83.2683635758
 31
0.0
  0
LINE
  5
7D9
330
1F
100
AcDbEntity
  8
0
  6
Continuous
 62
     7
370
    25
100
AcDbLine
 10
107.6966999951
 20
83.2683635758
 30
0.0
 11
193.6966999951
 21
83.2683635758
 31
0.0
  0
LINE
  5
7DA
330
1F
100
AcDbEntity
  8
0
  6
Continuous
 62
     7
370
    25
100
AcDbLine
 10
193.6966999951
 20
83.2683635758
 30
0.0
 11
193.6966999951
 21
80.0183635758
 31
0.0
  0
LINE
  5
7DB
330
1F
100
AcDbEntity
  8
0
  6
Continuous
 62
     7
370
    25
100
AcDbLine
 10
193.6966999951
 20
80.0183635758
 30
0.0
 11
195.0966999951
 21
80.0183635758
 31
0.0
  0
LINE
  5
7DC
330
1F
100
AcDbEntity
  8
0
  6
Continuous
 62
     7
370
    25
100
AcDbLine
 10
195.0966999951
 20
80.0183635758
 30
0.0
 11
195.0966999951
 21
73.7683635758
 31
0.0
  0
LINE
  5
7DD
330
1F
100
AcDbEntity
  8
0
  6
Continuous
 62
     7
370
    25
100
AcDbLine
 10
195.0966999951
 20
73.7683635758
 30
0.0
 11
193.6966999951
 21
73.7683635758
 31
0.0
  0
LINE
  5
7DE
330
1F
100
AcDbEntity
  8
0
  6
Continuous
 62
     7
370
    25
100
AcDbLine
 10
193.6966999951
 20
73.7683635758
 30
0.0
 11
193.6966999951
 21
70.7683635758
 31
0.0
  0
LINE
  5
7DF
330
1F
100
AcDbEntity
  8
0
  6
Continuous
 62
     7
370
    25
100
AcDbLine
 10
193.6966999951
 20
70.7683635758
 30
0.0
 11
107.6966999951
 21
70.7683635758
 31
0.0
  0
LINE
  5
7E0
330
1F
100
AcDbEntity
  8
0
  6
Continuous
 62
     7
370
    25
100
AcDbLine
 10
107.6966999951
 20
70.7683635758
 30
0.0
 11
107.6966999951
 21
74.0183635758
 31
0.0
  0
LINE
  5
7E1
330
1F
100
AcDbEntity
  8
0
  6
Continuous
 62
     7
370
    25
100
AcDbLine
 10
-21.6630549073
 20
-68.9928171193
 30
0.0
 11
-33.2187873992
 21
-65.1207911358
 31
0.0
  0
LINE
  5
7E2
330
1F
100
AcDbEntity
  8
0
  6
Continuous
 62
     7
370
    25
100
AcDbLine
 10
-17.2187873992
 20
-65.1207911358
 30
0.0
 11
-19.4409211532
 21
-68.9928171193
 31
0.0
  0
LINE
  5
7E3
330
1F
100
AcDbEntity
  8
0
  6
Continuous
 62
     7
370
    25
100
AcDbLine
 10
-33.2187873992
 20
-65.1207911358
 30
0.0
 11
-17.2187873992
 21
-65.1207911358
 31
0.0
  0
LINE
  5
7E4
330
1F
100
AcDbEntity
  8
0
  6
Continuous
 62
     7
370
    25
100
AcDbLine
 10
-73.2187873992
 20
-60.1207911358
 30
0.0
 11
-33.2187873992
 21
-60.1207911358
 31
0.0
  0
LINE
  5
7E5
330
1F
100
AcDbEntity
  8
0
  6
Continuous
 62
     7
370
    25
100
AcDbLine
 10
-38.2187873992
 20
-55.7207911358
 30
0.0
 11
-38.2187873992
 21
-57.1207911358
 31
0.0
  0
LINE
  5
7E6
330
1F
100
AcDbEntity
  8
0
  6
Continuous
 62
     7
370
    25
100
AcDbLine
 10
-41.7187873992
 20
-67.5207911358
 30
0.0
 11
-39.2877493303
 21
-69.9518292046
 31
0.0
  0
LINE
  5
7E7
330
1F
100
AcDbEntity
  8
0
  6
Continuous
 62
     7
370
    25
100
AcDbLine
 10
-64.7187873992
 20
-67.5207911358
 30
0.0
 11
-41.7187873992
 21
-67.5207911358
 31
0.0
  0
LINE
  5
7E8
330
1F
100
AcDbEntity
  8
0
  6
Continuous
 62
     7
370
    25
100
AcDbLine
 10
-10.2187873992
 20
-57.1207911358
 30
0.0
 11
-10.2187873992
 21
-61.6207911358
 31
0.0
  0
LINE
  5
7E9
330
1F
100
AcDbEntity
  8
0
  6
Continuous
 62
     7
370
    25
100
AcDbLine
 10
-73.2187873992
 20
-65.1207911358
 30
0.0
 11
-84.774519891
 21
-68.9928171193
 31
0.0
  0
LINE
  5
7EA
330
1F
100
AcDbEntity
  8
0
  6
Continuous
 62
     7
370
    25
100
AcDbLine
 10
-97.6187873992
 20
-61.6207911358
 30
0.0
 11
-96.2187873992
 21
-61.6207911358
 31
0.0
  0
LINE
  5
7EB
330
1F
100
AcDbEntity
  8
0
  6
Continuous
 62
     7
370
    25
100
AcDbLine
 10
-67.149825468
 20
-69.9518292046
 30
0.0
 11
-64.7187873992
 21
-67.5207911358
 31
0.0
  0
LINE
  5
7EC
330
1F
100
AcDbEntity
  8
0
  6
Continuous
 62
     7
370
    25
100
AcDbLine
 10
-8.8187873992
 20
-69.6207911358
 30
0.0
 11
-10.2187873992
 21
-69.6207911358
 31
0.0
  0
LINE
  5
7ED
330
1F
100
AcDbEntity
  8
0
  6
Continuous
 62
     7
370
    25
100
AcDbLine
 10
-10.2187873992
 20
-69.6207911358
 30
0.0
 11
-10.2187873992
 21
-73.1207911358
 31
0.0
  0
LINE
  5
7EE
330
1F
100
AcDbEntity
  8
0
  6
Continuous
 62
     7
370
    25
100
AcDbLine
 10
-97.6187873992
 20
-69.6207911358
 30
0.0
 11
-97.6187873992
 21
-61.6207911358
 31
0.0
  0
LINE
  5
7EF
330
1F
100
AcDbEntity
  8
0
  6
Continuous
 62
     7
370
    25
100
AcDbLine
 10
-38.2187873992
 20
-57.1207911358
 30
0.0
 11
-10.2187873992
 21
-57.1207911358
 31
0.0
  0
LINE
  5
7F0
330
1F
100
AcDbEntity
  8
0
  6
Continuous
 62
     7
370
    25
100
AcDbLine
 10
-84.774519891
 20
-68.9928171193
 30
0.0
 11
-86.9966536451
 21
-68.9928171193
 31
0.0
  0
LINE
  5
7F1
330
1F
100
AcDbEntity
  8
0
  6
Continuous
 62
     7
370
    25
100
AcDbLine
 10
-89.2187873992
 20
-65.1207911358
 30
0.0
 11
-73.2187873992
 21
-65.1207911358
 31
0.0
  0
LINE
  5
7F2
330
1F
100
AcDbEntity
  8
0
  6
Continuous
 62
     7
370
    25
100
AcDbLine
 10
-19.4409211532
 20
-68.9928171193
 30
0.0
 11
-21.6630549073
 21
-68.9928171193
 31
0.0
  0
LINE
  5
7F3
330
1F
100
AcDbEntity
  8
0
  6
Continuous
 62
     7
370
    25
100
AcDbLine
 10
-96.2187873992
 20
-61.6207911358
 30
0.0
 11
-96.2187873992
 21
-57.1207911358
 31
0.0
  0
LINE
  5
7F4
330
1F
100
AcDbEntity
  8
0
  6
Continuous
 62
     7
370
    25
100
AcDbLine
 10
-86.9966536451
 20
-68.9928171193
 30
0.0
 11
-89.2187873992
 21
-65.1207911358
 31
0.0
  0
LINE
  5
7F5
330
1F
100
AcDbEntity
  8
0
  6
Continuous
 62
     7
370
    25
100
AcDbLine
 10
-68.2187873992
 20
-57.1207911358
 30
0.0
 11
-68.2187873992
 21
-55.7207911358
 31
0.0
  0
LINE
  5
7F6
330
1F
100
AcDbEntity
  8
0
  6
Continuous
 62
     7
370
    25
100
AcDbLine
 10
-68.2187873992
 20
-55.7207911358
 30
0.0
 11
-38.2187873992
 21
-55.7207911358
 31
0.0
  0
LINE
  5
7F7
330
1F
100
AcDbEntity
  8
0
  6
Continuous
 62
     7
370
    25
100
AcDbLine
 10
-10.2187873992
 20
-61.6207911358
 30
0.0
 11
-8.8187873992
 21
-61.6207911358
 31
0.0
  0
LINE
  5
7F8
330
1F
100
AcDbEntity
  8
0
  6
Continuous
 62
     7
370
    25
100
AcDbLine
 10
-8.8187873992
 20
-61.6207911358
 30
0.0
 11
-8.8187873992
 21
-69.6207911358
 31
0.0
  0
LINE
  5
7F9
330
1F
100
AcDbEntity
  8
0
  6
Continuous
 62
     7
370
    25
100
AcDbLine
 10
-96.2187873992
 20
-69.6207911358
 30
0.0
 11
-97.6187873992
 21
-69.6207911358
 31
0.0
  0
LINE
  5
7FA
330
1F
100
AcDbEntity
  8
0
  6
Continuous
 62
     7
370
    25
100
AcDbLine
 10
-96.2187873992
 20
-57.1207911358
 30
0.0
 11
-68.2187873992
 21
-57.1207911358
 31
0.0
  0
LINE
  5
7FB
330
1F
100
AcDbEntity
  8
0
  6
Continuous
 62
     7
370
    25
100
AcDbLine
 10
-96.2187873992
 20
-73.1207911358
 30
0.0
 11
-96.2187873992
 21
-69.6207911358
 31
0.0
  0
LINE
  5
7FC
330
1F
100
AcDbEntity
  8
0
  6
Continuous
 62
     7
370
    25
100
AcDbLine
 10
10.3580322811
 20
-4.7161858436
 30
0.0
 11
11.7580322811
 21
-4.7161858436
 31
0.0
  0
LINE
  5
7FD
330
1F
100
AcDbEntity
  8
0
  6
Continuous
 62
     7
370
    25
100
AcDbLine
 10
10.3580322811
 20
20.2838141564
 30
0.0
 11
10.3580322811
 21
-4.7161858436
 31
0.0
  0
LINE
  5
7FE
330
1F
100
AcDbEntity
  8
0
  6
Continuous
 62
     7
370
    25
100
AcDbLine
 10
11.7580322811
 20
20.2838141564
 30
0.0
 11
10.3580322811
 21
20.2838141564
 31
0.0
  0
LINE
  5
7FF
330
1F
100
AcDbEntity
  8
0
  6
Continuous
 62
     7
370
    25
100
AcDbLine
 10
97.7580322811
 20
31.2838141564
 30
0.0
 11
11.7580322811
 21
31.2838141564
 31
0.0
  0
LINE
  5
800
330
1F
100
AcDbEntity
  8
0
  6
Continuous
 62
     7
370
    25
100
AcDbLine
 10
99.1580322811
 20
20.2838141564
 30
0.0
 11
97.7580322811
 21
20.2838141564
 31
0.0
  0
LINE
  5
801
330
1F
100
AcDbEntity
  8
0
  6
Continuous
 62
     7
370
    25
100
AcDbLine
 10
99.1580322811
 20
-4.7161858436
 30
0.0
 11
99.1580322811
 21
20.2838141564
 31
0.0
  0
LINE
  5
802
330
1F
100
AcDbEntity
  8
0
  6
Continuous
 62
     7
370
    25
100
AcDbLine
 10
97.7580322811
 20
-4.7161858436
 30
0.0
 11
99.1580322811
 21
-4.7161858436
 31
0.0
  0
LINE
  5
803
330
1F
100
AcDbEntity
  8
0
  6
Continuous
 62
     7
370
    25
100
AcDbLine
 10
69.7580322811
 20
10.2838141564
 30
0.0
 11
39.7580322811
 21
10.2838141564
 31
0.0
  0
LINE
  5
804
330
1F
100
AcDbEntity
  8
0
  6
Continuous
 62
     7
370
    25
100
AcDbLine
 10
39.7580322811
 20
10.2838141564
 30
0.0
 11
39.7580322811
 21
8.8838141564
 31
0.0
  0
LINE
  5
805
330
1F
100
AcDbEntity
  8
0
  6
Continuous
 62
     7
370
    25
100
AcDbLine
 10
39.7580322811
 20
8.8838141564
 30
0.0
 11
69.7580322811
 21
8.8838141564
 31
0.0
  0
LINE
  5
806
330
1F
100
AcDbEntity
  8
0
  6
Continuous
 62
     7
370
    25
100
AcDbLine
 10
11.7580322811
 20
-19.7161858436
 30
0.0
 11
97.7580322811
 21
-19.7161858436
 31
0.0
  0
LINE
  5
807
330
1F
100
AcDbEntity
  8
0
  6
Continuous
 62
     7
370
    25
100
AcDbLine
 10
97.7580322811
 20
-19.7161858436
 30
0.0
 11
97.7580322811
 21
-4.7161858436
 31
0.0
  0
LINE
  5
808
330
1F
100
AcDbEntity
  8
0
  6
Continuous
 62
     7
370
    25
100
AcDbLine
 10
11.7580322811
 20
-4.7161858436
 30
0.0
 11
11.7580322811
 21
-19.7161858436
 31
0.0
  0
LINE
  5
809
330
1F
100
AcDbEntity
  8
0
  6
Continuous
 62
     7
370
    25
100
AcDbLine
 10
97.7580322811
 20
20.2838141564
 30
0.0
 11
97.7580322811
 21
31.2838141564
 31
0.0
  0
LINE
  5
80A
330
1F
100
AcDbEntity
  8
0
  6
Continuous
 62
     7
370
    25
100
AcDbLine
 10
11.7580322811
 20
31.2838141564
 30
0.0
 11
11.7580322811
 21
20.2838141564
 31
0.0
  0
LINE
  5
80B
330
1F
100
AcDbEntity
  8
0
  6
Continuous
 62
     7
370
    25
100
AcDbLine
 10
69.7580322811
 20
8.8838141564
 30
0.0
 11
69.7580322811
 21
10.2838141564
 31
0.0
  0
LINE
  5
80C
330
1F
100
AcDbEntity
  8
0
  6
Continuous
 62
     7
370
    25
100
AcDbLine
 10
16.4235884946
 20
-54.3915763526
 30
0.0
 11
78.4235884946
 21
-54.3915763526
 31
0.0
  0
LINE
  5
80D
330
1F
100
AcDbEntity
  8
0
  6
Continuous
 62
     7
370
    25
100
AcDbLine
 10
91.556486098
 20
-74.8915763526
 30
0.0
 11
63.556486098
 21
-74.8915763526
 31
0.0
  0
LINE
  5
80E
330
1F
100
AcDbEntity
  8
0
  6
Continuous
 62
     7
370
    25
100
AcDbLine
 10
63.556486098
 20
-74.8915763526
 30
0.0
 11
63.556486098
 21
-76.2915763526
 31
0.0
  0
LINE
  5
80F
330
1F
100
AcDbEntity
  8
0
  6
Continuous
 62
     7
370
    25
100
AcDbLine
 10
63.556486098
 20
-76.2915763526
 30
0.0
 11
33.556486098
 21
-76.2915763526
 31
0.0
  0
LINE
  5
810
330
1F
100
AcDbEntity
  8
0
  6
Continuous
 62
     7
370
    25
100
AcDbLine
 10
33.556486098
 20
-76.2915763526
 30
0.0
 11
33.556486098
 21
-74.8915763526
 31
0.0
  0
LINE
  5
811
330
1F
100
AcDbEntity
  8
0
  6
Continuous
 62
     7
370
    25
100
AcDbLine
 10
33.556486098
 20
-32.4915763526
 30
0.0
 11
63.556486098
 21
-32.4915763526
 31
0.0
  0
LINE
  5
812
330
1F
100
AcDbEntity
  8
0
  6
Continuous
 62
     7
370
    25
100
AcDbLine
 10
91.556486098
 20
-33.8915763526
 30
0.0
 11
91.556486098
 21
-43.6415763526
 31
0.0
  0
LINE
  5
813
330
1F
100
AcDbEntity
  8
0
  6
Continuous
 62
     7
370
    25
100
AcDbLine
 10
59.556486098
 20
-48.8915763526
 30
0.0
 11
58.556486098
 21
-48.8915763526
 31
0.0
  0
LINE
  5
814
330
1F
100
AcDbEntity
  8
0
  6
Continuous
 62
     7
370
    25
100
AcDbLine
 10
58.556486098
 20
-38.8915763526
 30
0.0
 11
59.556486098
 21
-38.8915763526
 31
0.0
  0
LINE
  5
815
330
1F
100
AcDbEntity
  8
0
  6
Continuous
 62
     7
370
    25
100
AcDbLine
 10
37.556486098
 20
-38.8915763526
 30
0.0
 11
38.556486098
 21
-38.8915763526
 31
0.0
  0
LINE
  5
816
330
1F
100
AcDbEntity
  8
0
  6
Continuous
 62
     7
370
    25
100
AcDbLine
 10
37.556486098
 20
-48.8915763526
 30
0.0
 11
37.556486098
 21
-38.8915763526
 31
0.0
  0
LINE
  5
817
330
1F
100
AcDbEntity
  8
0
  6
Continuous
 62
     7
370
    25
100
AcDbLine
 10
33.556486098
 20
-74.8915763526
 30
0.0
 11
5.556486098
 21
-74.8915763526
 31
0.0
  0
LINE
  5
818
330
1F
100
AcDbEntity
  8
0
  6
Continuous
 62
     7
370
    25
100
AcDbLine
 10
63.556486098
 20
-33.8915763526
 30
0.0
 11
91.556486098
 21
-33.8915763526
 31
0.0
  0
LINE
  5
819
330
1F
100
AcDbEntity
  8
0
  6
Continuous
 62
     7
370
    25
100
AcDbLine
 10
91.556486098
 20
-63.6415763526
 30
0.0
 11
91.556486098
 21
-74.8915763526
 31
0.0
  0
LINE
  5
81A
330
1F
100
AcDbEntity
  8
0
  6
Continuous
 62
     7
370
    25
100
AcDbLine
 10
38.556486098
 20
-38.8915763526
 30
0.0
 11
38.556486098
 21
-48.8915763526
 31
0.0
  0
LINE
  5
81B
330
1F
100
AcDbEntity
  8
0
  6
Continuous
 62
     7
370
    25
100
AcDbLine
 10
59.556486098
 20
-38.8915763526
 30
0.0
 11
59.556486098
 21
-48.8915763526
 31
0.0
  0
LINE
  5
81C
330
1F
100
AcDbEntity
  8
0
  6
Continuous
 62
     7
370
    25
100
AcDbLine
 10
58.556486098
 20
-48.8915763526
 30
0.0
 11
58.556486098
 21
-38.8915763526
 31
0.0
  0
LINE
  5
81D
330
1F
100
AcDbEntity
  8
0
  6
Continuous
 62
     7
370
    25
100
AcDbLine
 10
33.556486098
 20
-33.8915763526
 30
0.0
 11
33.556486098
 21
-32.4915763526
 31
0.0
  0
LINE
  5
81E
330
1F
100
AcDbEntity
  8
0
  6
Continuous
 62
     7
370
    25
100
AcDbLine
 10
91.556486098
 20
-43.6415763526
 30
0.0
 11
92.956486098
 21
-43.6415763526
 31
0.0
  0
LINE
  5
81F
330
1F
100
AcDbEntity
  8
0
  6
Continuous
 62
     7
370
    25
100
AcDbLine
 10
92.956486098
 20
-43.6415763526
 30
0.0
 11
92.956486098
 21
-63.6415763526
 31
0.0
  0
LINE
  5
820
330
1F
100
AcDbEntity
  8
0
  6
Continuous
 62
     7
370
    25
100
AcDbLine
 10
78.4235884946
 20
-54.3915763526
 30
0.0
 11
86.556486098
 21
-72.3915763526
 31
0.0
  0
LINE
  5
821
330
1F
100
AcDbEntity
  8
0
  6
Continuous
 62
     7
370
    25
100
AcDbLine
 10
5.556486098
 20
-33.8915763526
 30
0.0
 11
33.556486098
 21
-33.8915763526
 31
0.0
  0
LINE
  5
822
330
1F
100
AcDbEntity
  8
0
  6
Continuous
 62
     7
370
    25
100
AcDbLine
 10
92.956486098
 20
-63.6415763526
 30
0.0
 11
91.556486098
 21
-63.6415763526
 31
0.0
  0
LINE
  5
823
330
1F
100
AcDbEntity
  8
0
  6
Continuous
 62
     7
370
    25
100
AcDbLine
 10
86.556486098
 20
-72.3915763526
 30
0.0
 11
10.556486098
 21
-72.3915763526
 31
0.0
  0
LINE
  5
824
330
1F
100
AcDbEntity
  8
0
  6
Continuous
 62
     7
370
    25
100
AcDbLine
 10
63.556486098
 20
-32.4915763526
 30
0.0
 11
63.556486098
 21
-33.8915763526
 31
0.0
  0
LINE
  5
825
330
1F
100
AcDbEntity
  8
0
  6
Continuous
 62
     7
370
    25
100
AcDbLine
 10
10.556486098
 20
-72.3915763526
 30
0.0
 11
16.4235884946
 21
-54.3915763526
 31
0.0
  0
LINE
  5
826
330
1F
100
AcDbEntity
  8
0
  6
Continuous
 62
     7
370
    25
100
AcDbLine
 10
38.556486098
 20
-48.8915763526
 30
0.0
 11
37.556486098
 21
-48.8915763526
 31
0.0
  0
LINE
  5
827
330
1F
100
AcDbEntity
  8
0
  6
Continuous
 62
     7
370
    25
100
AcDbLine
 10
5.556486098
 20
-63.6415763526
 30
0.0
 11
4.156486098
 21
-63.6415763526
 31
0.0
  0
LINE
  5
828
330
1F
100
AcDbEntity
  8
0
  6
Continuous
 62
     7
370
    25
100
AcDbLine
 10
4.156486098
 20
-63.6415763526
 30
0.0
 11
4.156486098
 21
-43.6415763526
 31
0.0
  0
LINE
  5
829
330
1F
100
AcDbEntity
  8
0
  6
Continuous
 62
     7
370
    25
100
AcDbLine
 10
4.156486098
 20
-43.6415763526
 30
0.0
 11
5.556486098
 21
-43.6415763526
 31
0.0
  0
LINE
  5
82A
330
1F
100
AcDbEntity
  8
0
  6
Continuous
 62
     7
370
    25
100
AcDbLine
 10
5.556486098
 20
-74.8915763526
 30
0.0
 11
5.556486098
 21
-63.6415763526
 31
0.0
  0
LINE
  5
82B
330
1F
100
AcDbEntity
  8
0
  6
Continuous
 62
     7
370
    25
100
AcDbLine
 10
5.556486098
 20
-43.6415763526
 30
0.0
 11
5.556486098
 21
-33.8915763526
 31
0.0
  0
LINE
  5
82C
330
1F
100
AcDbEntity
  8
0
  6
Continuous
 62
     7
370
    25
100
AcDbLine
 10
-80.7803180233
 20
-119.1281704566
 30
0.0
 11
-58.7803180233
 21
-119.1281704566
 31
0.0
  0
LINE
  5
82D
330
1F
100
AcDbEntity
  8
0
  6
Continuous
 62
     7
370
    25
100
AcDbLine
 10
-26.7803180233
 20
-81.1281704566
 30
0.0
 11
-40.7803180233
 21
-81.1281704566
 31
0.0
  0
LINE
  5
82E
330
1F
100
AcDbEntity
  8
0
  6
Continuous
 62
     7
370
    25
100
AcDbLine
 10
-26.7803180233
 20
-93.1281704566
 30
0.0
 11
-26.7803180233
 21
-81.1281704566
 31
0.0
  0
LINE
  5
82F
330
1F
100
AcDbEntity
  8
0
  6
Continuous
 62
     7
370
    25
100
AcDbLine
 10
-25.3803180233
 20
-115.1281704566
 30
0.0
 11
-25.3803180233
 21
-93.1281704566
 31
0.0
  0
LINE
  5
830
330
1F
100
AcDbEntity
  8
0
  6
Continuous
 62
     7
370
    25
100
AcDbLine
 10
-26.7803180233
 20
-115.1281704566
 30
0.0
 11
-25.3803180233
 21
-115.1281704566
 31
0.0
  0
LINE
  5
831
330
1F
100
AcDbEntity
  8
0
  6
Continuous
 62
     7
370
    25
100
AcDbLine
 10
-88.5303180233
 20
-140.6559482344
 30
0.0
 11
-51.0303180233
 21
-140.6559482344
 31
0.0
  0
LINE
  5
832
330
1F
100
AcDbEntity
  8
0
  6
Continuous
 62
     7
370
    25
100
AcDbLine
 10
-97.7803180233
 20
-121.1281704566
 30
0.0
 11
-88.5303180233
 21
-140.6559482344
 31
0.0
  0
LINE
  5
833
330
1F
100
AcDbEntity
  8
0
  6
Continuous
 62
     7
370
    25
100
AcDbLine
 10
-112.7803180233
 20
-115.1281704566
 30
0.0
 11
-112.7803180233
 21
-121.1281704566
 31
0.0
  0
LINE
  5
834
330
1F
100
AcDbEntity
  8
0
  6
Continuous
 62
     7
370
    25
100
AcDbLine
 10
-114.1803180233
 20
-115.1281704566
 30
0.0
 11
-112.7803180233
 21
-115.1281704566
 31
0.0
  0
LINE
  5
835
330
1F
100
AcDbEntity
  8
0
  6
Continuous
 62
     7
370
    25
100
AcDbLine
 10
-112.7803180233
 20
-81.1281704566
 30
0.0
 11
-112.7803180233
 21
-93.1281704566
 31
0.0
  0
LINE
  5
836
330
1F
100
AcDbEntity
  8
0
  6
Continuous
 62
     7
370
    25
100
AcDbLine
 10
-98.7803180233
 20
-81.1281704566
 30
0.0
 11
-112.7803180233
 21
-81.1281704566
 31
0.0
  0
LINE
  5
837
330
1F
100
AcDbEntity
  8
0
  6
Continuous
 62
     7
370
    25
100
AcDbLine
 10
-26.7803180233
 20
-121.1281704566
 30
0.0
 11
-26.7803180233
 21
-115.1281704566
 31
0.0
  0
LINE
  5
838
330
1F
100
AcDbEntity
  8
0
  6
Continuous
 62
     7
370
    25
100
AcDbLine
 10
-112.7803180233
 20
-121.1281704566
 30
0.0
 11
-97.7803180233
 21
-121.1281704566
 31
0.0
  0
LINE
  5
839
330
1F
100
AcDbEntity
  8
0
  6
Continuous
 62
     7
370
    25
100
AcDbLine
 10
-51.0303180233
 20
-140.6559482344
 30
0.0
 11
-41.7803180233
 21
-121.1281704566
 31
0.0
  0
LINE
  5
83A
330
1F
100
AcDbEntity
  8
0
  6
Continuous
 62
     7
370
    25
100
AcDbLine
 10
-58.7803180233
 20
-119.1281704566
 30
0.0
 11
-40.7803180233
 21
-81.1281704566
 31
0.0
  0
LINE
  5
83B
330
1F
100
AcDbEntity
  8
0
  6
Continuous
 62
     7
370
    25
100
AcDbLine
 10
-98.7803180233
 20
-81.1281704566
 30
0.0
 11
-80.7803180233
 21
-119.1281704566
 31
0.0
  0
LINE
  5
83C
330
1F
100
AcDbEntity
  8
0
  6
Continuous
 62
     7
370
    25
100
AcDbLine
 10
-25.3803180233
 20
-93.1281704566
 30
0.0
 11
-26.7803180233
 21
-93.1281704566
 31
0.0
  0
LINE
  5
83D
330
1F
100
AcDbEntity
  8
0
  6
Continuous
 62
     7
370
    25
100
AcDbLine
 10
-112.7803180233
 20
-93.1281704566
 30
0.0
 11
-114.1803180233
 21
-93.1281704566
 31
0.0
  0
LINE
  5
83E
330
1F
100
AcDbEntity
  8
0
  6
Continuous
 62
     7
370
    25
100
AcDbLine
 10
-114.1803180233
 20
-93.1281704566
 30
0.0
 11
-114.1803180233
 21
-115.1281704566
 31
0.0
  0
LINE
  5
83F
330
1F
100
AcDbEntity
  8
0
  6
Continuous
 62
     7
370
    25
100
AcDbLine
 10
-41.7803180233
 20
-121.1281704566
 30
0.0
 11
-26.7803180233
 21
-121.1281704566
 31
0.0
  0
LINE
  5
840
330
1F
100
AcDbEntity
  8
0
  6
Continuous
 62
     7
370
    25
100
AcDbLine
 10
-93.9603086615
 20
-52.5277527775
 30
0.0
 11
-93.9603086615
 21
-51.0277527775
 31
0.0
  0
LINE
  5
841
330
1F
100
AcDbEntity
  8
0
  6
Continuous
 62
     7
370
    25
100
AcDbLine
 10
-93.9603086615
 20
-51.0277527775
 30
0.0
 11
-95.3603086615
 21
-51.0277527775
 31
0.0
  0
LINE
  5
842
330
1F
100
AcDbEntity
  8
0
  6
Continuous
 62
     7
370
    25
100
AcDbLine
 10
-95.3603086615
 20
-51.0277527775
 30
0.0
 11
-95.3603086615
 21
-41.0277527775
 31
0.0
  0
LINE
  5
843
330
1F
100
AcDbEntity
  8
0
  6
Continuous
 62
     7
370
    25
100
AcDbLine
 10
-95.3603086615
 20
-41.0277527775
 30
0.0
 11
-93.9603086615
 21
-41.0277527775
 31
0.0
  0
LINE
  5
844
330
1F
100
AcDbEntity
  8
0
  6
Continuous
 62
     7
370
    25
100
AcDbLine
 10
-93.9603086615
 20
-32.5277527775
 30
0.0
 11
-65.9603086615
 21
-32.5277527775
 31
0.0
  0
LINE
  5
845
330
1F
100
AcDbEntity
  8
0
  6
Continuous
 62
     7
370
    25
100
AcDbLine
 10
-65.9603086615
 20
-32.5277527775
 30
0.0
 11
-65.9603086615
 21
-31.1277527775
 31
0.0
  0
LINE
  5
846
330
1F
100
AcDbEntity
  8
0
  6
Continuous
 62
     7
370
    25
100
AcDbLine
 10
-65.9603086615
 20
-31.1277527775
 30
0.0
 11
-35.9603086615
 21
-31.1277527775
 31
0.0
  0
LINE
  5
847
330
1F
100
AcDbEntity
  8
0
  6
Continuous
 62
     7
370
    25
100
AcDbLine
 10
-7.9603086615
 20
-41.0277527775
 30
0.0
 11
-6.5603086615
 21
-41.0277527775
 31
0.0
  0
LINE
  5
848
330
1F
100
AcDbEntity
  8
0
  6
Continuous
 62
     7
370
    25
100
AcDbLine
 10
-6.5603086615
 20
-41.0277527775
 30
0.0
 11
-6.5603086615
 21
-51.0277527775
 31
0.0
  0
LINE
  5
849
330
1F
100
AcDbEntity
  8
0
  6
Continuous
 62
     7
370
    25
100
AcDbLine
 10
-6.5603086615
 20
-51.0277527775
 30
0.0
 11
-7.9603086615
 21
-51.0277527775
 31
0.0
  0
LINE
  5
84A
330
1F
100
AcDbEntity
  8
0
  6
Continuous
 62
     7
370
    25
100
AcDbLine
 10
-7.9603086615
 20
-51.0277527775
 30
0.0
 11
-7.9603086615
 21
-52.5277527775
 31
0.0
  0
LINE
  5
84B
330
1F
100
AcDbEntity
  8
0
  6
Continuous
 62
     7
370
    25
100
AcDbLine
 10
-7.9603086615
 20
-52.5277527775
 30
0.0
 11
-16.9603086615
 21
-52.5277527775
 31
0.0
  0
LINE
  5
84C
330
1F
100
AcDbEntity
  8
0
  6
Continuous
 62
     7
370
    25
100
AcDbLine
 10
-40.9603086615
 20
-44.5277527775
 30
0.0
 11
-40.9603086615
 21
-34.5277527775
 31
0.0
  0
LINE
  5
84D
330
1F
100
AcDbEntity
  8
0
  6
Continuous
 62
     7
370
    25
100
AcDbLine
 10
-39.9603086615
 20
-44.5277527775
 30
0.0
 11
-40.9603086615
 21
-44.5277527775
 31
0.0
  0
LINE
  5
84E
330
1F
100
AcDbEntity
  8
0
  6
Continuous
 62
     7
370
    25
100
AcDbLine
 10
-39.9603086615
 20
-34.5277527775
 30
0.0
 11
-39.9603086615
 21
-44.5277527775
 31
0.0
  0
LINE
  5
84F
330
1F
100
AcDbEntity
  8
0
  6
Continuous
 62
     7
370
    25
100
AcDbLine
 10
-40.9603086615
 20
-34.5277527775
 30
0.0
 11
-39.9603086615
 21
-34.5277527775
 31
0.0
  0
LINE
  5
850
330
1F
100
AcDbEntity
  8
0
  6
Continuous
 62
     7
370
    25
100
AcDbLine
 10
-61.9603086615
 20
-44.5277527775
 30
0.0
 11
-61.9603086615
 21
-34.5277527775
 31
0.0
  0
LINE
  5
851
330
1F
100
AcDbEntity
  8
0
  6
Continuous
 62
     7
370
    25
100
AcDbLine
 10
-60.9603086615
 20
-44.5277527775
 30
0.0
 11
-61.9603086615
 21
-44.5277527775
 31
0.0
  0
LINE
  5
852
330
1F
100
AcDbEntity
  8
0
  6
Continuous
 62
     7
370
    25
100
AcDbLine
 10
-60.9603086615
 20
-34.5277527775
 30
0.0
 11
-60.9603086615
 21
-44.5277527775
 31
0.0
  0
LINE
  5
853
330
1F
100
AcDbEntity
  8
0
  6
Continuous
 62
     7
370
    25
100
AcDbLine
 10
-61.9603086615
 20
-34.5277527775
 30
0.0
 11
-60.9603086615
 21
-34.5277527775
 31
0.0
  0
LINE
  5
854
330
1F
100
AcDbEntity
  8
0
  6
Continuous
 62
     7
370
    25
100
AcDbLine
 10
-13.6130158551
 20
-47.2425631275
 30
0.0
 11
-18.2518585544
 21
-43.4658062396
 31
0.0
  0
LINE
  5
855
330
1F
100
AcDbEntity
  8
0
  6
Continuous
 62
     7
370
    25
100
AcDbLine
 10
-13.6130158551
 20
-39.5658942357
 30
0.0
 11
-13.6130158551
 21
-47.2425631275
 31
0.0
  0
LINE
  5
856
330
1F
100
AcDbEntity
  8
0
  6
Continuous
 62
     7
370
    25
100
AcDbLine
 10
-18.2518585544
 20
-39.5658942357
 30
0.0
 11
-13.6130158551
 21
-39.5658942357
 31
0.0
  0
LINE
  5
857
330
1F
100
AcDbEntity
  8
0
  6
Continuous
 62
     7
370
    25
100
AcDbLine
 10
-18.2518585544
 20
-43.4658062396
 30
0.0
 11
-18.2518585544
 21
-39.5658942357
 31
0.0
  0
LINE
  5
858
330
1F
100
AcDbEntity
  8
0
  6
Continuous
 62
     7
370
    25
100
AcDbLine
 10
-88.307601468
 20
-39.5658942357
 30
0.0
 11
-83.6687587687
 21
-39.5658942357
 31
0.0
  0
LINE
  5
859
330
1F
100
AcDbEntity
  8
0
  6
Continuous
 62
     7
370
    25
100
AcDbLine
 10
-88.307601468
 20
-47.2425631275
 30
0.0
 11
-88.307601468
 21
-39.5658942357
 31
0.0
  0
LINE
  5
85A
330
1F
100
AcDbEntity
  8
0
  6
Continuous
 62
     7
370
    25
100
AcDbLine
 10
-83.6687587687
 20
-43.4658062396
 30
0.0
 11
-88.307601468
 21
-47.2425631275
 31
0.0
  0
LINE
  5
85B
330
1F
100
AcDbEntity
  8
0
  6
Continuous
 62
     7
370
    25
100
AcDbLine
 10
-84.9603086615
 20
-52.5277527775
 30
0.0
 11
-93.9603086615
 21
-52.5277527775
 31
0.0
  0
LINE
  5
85C
330
1F
100
AcDbEntity
  8
0
  6
Continuous
 62
     7
370
    25
100
AcDbLine
 10
-7.9603086615
 20
-32.5277527775
 30
0.0
 11
-7.9603086615
 21
-41.0277527775
 31
0.0
  0
LINE
  5
85D
330
1F
100
AcDbEntity
  8
0
  6
Continuous
 62
     7
370
    25
100
AcDbLine
 10
-35.9603086615
 20
-32.5277527775
 30
0.0
 11
-7.9603086615
 21
-32.5277527775
 31
0.0
  0
LINE
  5
85E
330
1F
100
AcDbEntity
  8
0
  6
Continuous
 62
     7
370
    25
100
AcDbLine
 10
-93.9603086615
 20
-41.0277527775
 30
0.0
 11
-93.9603086615
 21
-32.5277527775
 31
0.0
  0
LINE
  5
85F
330
1F
100
AcDbEntity
  8
0
  6
Continuous
 62
     7
370
    25
100
AcDbLine
 10
-83.6687587687
 20
-39.5658942357
 30
0.0
 11
-83.6687587687
 21
-43.4658062396
 31
0.0
  0
LINE
  5
860
330
1F
100
AcDbEntity
  8
0
  6
Continuous
 62
     7
370
    25
100
AcDbLine
 10
-35.9603086615
 20
-31.1277527775
 30
0.0
 11
-35.9603086615
 21
-32.5277527775
 31
0.0
  0
LINE
  5
861
330
1F
100
AcDbEntity
  8
0
  6
Continuous
 62
     7
370
    25
100
AcDbLine
 10
88.1623762828
 20
-98.5997168976
 30
0.0
 11
88.1623762828
 21
-78.5997168976
 31
0.0
  0
LINE
  5
862
330
1F
100
AcDbEntity
  8
0
  6
Continuous
 62
     7
370
    25
100
AcDbLine
 10
88.1623762828
 20
-116.5997168976
 30
0.0
 11
89.5623762828
 21
-116.5997168976
 31
0.0
  0
LINE
  5
863
330
1F
100
AcDbEntity
  8
0
  6
Continuous
 62
     7
370
    25
100
AcDbLine
 10
35.1623762828
 20
-121.8497168976
 30
0.0
 11
35.1623762828
 21
-107.8497168976
 31
0.0
  0
LINE
  5
864
330
1F
100
AcDbEntity
  8
0
  6
Continuous
 62
     7
370
    25
100
AcDbLine
 10
35.1623762828
 20
-107.8497168976
 30
0.0
 11
34.1623762828
 21
-107.8497168976
 31
0.0
  0
LINE
  5
865
330
1F
100
AcDbEntity
  8
0
  6
Continuous
 62
     7
370
    25
100
AcDbLine
 10
34.1623762828
 20
-107.8497168976
 30
0.0
 11
34.1623762828
 21
-121.8497168976
 31
0.0
  0
LINE
  5
866
330
1F
100
AcDbEntity
  8
0
  6
Continuous
 62
     7
370
    25
100
AcDbLine
 10
56.1623762828
 20
-121.8497168976
 30
0.0
 11
56.1623762828
 21
-107.8497168976
 31
0.0
  0
LINE
  5
867
330
1F
100
AcDbEntity
  8
0
  6
Continuous
 62
     7
370
    25
100
AcDbLine
 10
56.1623762828
 20
-107.8497168976
 30
0.0
 11
55.1623762828
 21
-107.8497168976
 31
0.0
  0
LINE
  5
868
330
1F
100
AcDbEntity
  8
0
  6
Continuous
 62
     7
370
    25
100
AcDbLine
 10
55.1623762828
 20
-107.8497168976
 30
0.0
 11
55.1623762828
 21
-121.8497168976
 31
0.0
  0
LINE
  5
869
330
1F
100
AcDbEntity
  8
0
  6
Continuous
 62
     7
370
    25
100
AcDbLine
 10
32.6623762828
 20
-85.7309649755
 30
0.0
 11
32.6623762828
 21
-94.5997168976
 31
0.0
  0
LINE
  5
86A
330
1F
100
AcDbEntity
  8
0
  6
Continuous
 62
     7
370
    25
100
AcDbLine
 10
0.7623762828
 20
-116.5997168976
 30
0.0
 11
0.7623762828
 21
-98.5997168976
 31
0.0
  0
LINE
  5
86B
330
1F
100
AcDbEntity
  8
0
  6
Continuous
 62
     7
370
    25
100
AcDbLine
 10
2.1623762828
 20
-98.5997168976
 30
0.0
 11
0.7623762828
 21
-98.5997168976
 31
0.0
  0
LINE
  5
86C
330
1F
100
AcDbEntity
  8
0
  6
Continuous
 62
     7
370
    25
100
AcDbLine
 10
2.1623762828
 20
-116.5997168976
 30
0.0
 11
0.7623762828
 21
-116.5997168976
 31
0.0
  0
LINE
  5
86D
330
1F
100
AcDbEntity
  8
0
  6
Continuous
 62
     7
370
    25
100
AcDbLine
 10
89.5623762828
 20
-116.5997168976
 30
0.0
 11
89.5623762828
 21
-98.5997168976
 31
0.0
  0
LINE
  5
86E
330
1F
100
AcDbEntity
  8
0
  6
Continuous
 62
     7
370
    25
100
AcDbLine
 10
77.1623762828
 20
-140.5997168976
 30
0.0
 11
88.1623762828
 21
-129.5997168976
 31
0.0
  0
LINE
  5
86F
330
1F
100
AcDbEntity
  8
0
  6
Continuous
 62
     7
370
    25
100
AcDbLine
 10
88.1623762828
 20
-129.5997168976
 30
0.0
 11
88.1623762828
 21
-116.5997168976
 31
0.0
  0
LINE
  5
870
330
1F
100
AcDbEntity
  8
0
  6
Continuous
 62
     7
370
    25
100
AcDbLine
 10
55.1623762828
 20
-121.8497168976
 30
0.0
 11
56.1623762828
 21
-121.8497168976
 31
0.0
  0
LINE
  5
871
330
1F
100
AcDbEntity
  8
0
  6
Continuous
 62
     7
370
    25
100
AcDbLine
 10
32.6623762828
 20
-94.5997168976
 30
0.0
 11
57.6623762828
 21
-94.5997168976
 31
0.0
  0
LINE
  5
872
330
1F
100
AcDbEntity
  8
0
  6
Continuous
 62
     7
370
    25
100
AcDbLine
 10
88.1623762828
 20
-98.5997168976
 30
0.0
 11
89.5623762828
 21
-98.5997168976
 31
0.0
  0
LINE
  5
873
330
1F
100
AcDbEntity
  8
0
  6
Continuous
 62
     7
370
    25
100
AcDbLine
 10
2.1623762828
 20
-116.5997168976
 30
0.0
 11
2.1623762828
 21
-129.5997168976
 31
0.0
  0
LINE
  5
874
330
1F
100
AcDbEntity
  8
0
  6
Continuous
 62
     7
370
    25
100
AcDbLine
 10
2.1623762828
 20
-78.5997168976
 30
0.0
 11
2.1623762828
 21
-98.5997168976
 31
0.0
  0
LINE
  5
875
330
1F
100
AcDbEntity
  8
0
  6
Continuous
 62
     7
370
    25
100
AcDbLine
 10
34.1623762828
 20
-121.8497168976
 30
0.0
 11
35.1623762828
 21
-121.8497168976
 31
0.0
  0
LINE
  5
876
330
1F
100
AcDbEntity
  8
0
  6
Continuous
 62
     7
370
    25
100
AcDbLine
 10
57.6623762828
 20
-85.7309649755
 30
0.0
 11
57.6623762828
 21
-94.5997168976
 31
0.0
  0
LINE
  5
877
330
1F
100
AcDbEntity
  8
0
  6
Continuous
 62
     7
370
    25
100
AcDbLine
 10
13.1623762828
 20
-140.5997168976
 30
0.0
 11
77.1623762828
 21
-140.5997168976
 31
0.0
  0
LINE
  5
878
330
1F
100
AcDbEntity
  8
0
  6
Continuous
 62
     7
370
    25
100
AcDbLine
 10
2.1623762828
 20
-129.5997168976
 30
0.0
 11
13.1623762828
 21
-140.5997168976
 31
0.0
  0
LINE
  5
879
330
1F
100
AcDbEntity
  8
0
  6
Continuous
 62
     7
370
    25
100
AcDbLine
 10
-171.2024104586
 20
-24.9229693322
 30
0.0
 11
-159.7024104586
 21
-24.9229693322
 31
0.0
  0
LINE
  5
87A
330
1F
100
AcDbEntity
  8
0
  6
Continuous
 62
     7
370
    25
100
AcDbLine
 10
-171.2024104586
 20
-65.5229693322
 30
0.0
 11
-171.2024104586
 21
-24.9229693322
 31
0.0
  0
LINE
  5
87B
330
1F
100
AcDbEntity
  8
0
  6
Continuous
 62
     7
370
    25
100
AcDbLine
 10
-160.5071614136
 20
46.0770306678
 30
0.0
 11
-168.9071614136
 21
46.0770306678
 31
0.0
  0
LINE
  5
87C
330
1F
100
AcDbEntity
  8
0
  6
Continuous
 62
     7
370
    25
100
AcDbLine
 10
-200.5071614136
 20
-141.4229710093
 30
0.0
 11
-201.0071614136
 21
-141.4229710093
 31
0.0
  0
LINE
  5
87D
330
1F
100
AcDbEntity
  8
0
  6
Continuous
 62
     7
370
    25
100
AcDbLine
 10
-201.0071614136
 20
-141.4229710093
 30
0.0
 11
-201.0071614136
 21
-117.4229710093
 31
0.0
  0
LINE
  5
87E
330
1F
100
AcDbEntity
  8
0
  6
Continuous
 62
     7
370
    25
100
AcDbLine
 10
-201.0071614136
 20
-117.4229710093
 30
0.0
 11
-200.5071614136
 21
-117.4229710093
 31
0.0
  0
LINE
  5
87F
330
1F
100
AcDbEntity
  8
0
  6
Continuous
 62
     7
370
    25
100
AcDbLine
 10
-200.5071614136
 20
-81.4229710093
 30
0.0
 11
-201.0071614136
 21
-81.4229710093
 31
0.0
  0
LINE
  5
880
330
1F
100
AcDbEntity
  8
0
  6
Continuous
 62
     7
370
    25
100
AcDbLine
 10
-201.0071614136
 20
-81.4229710093
 30
0.0
 11
-201.0071614136
 21
4.5770289907
 31
0.0
  0
LINE
  5
881
330
1F
100
AcDbEntity
  8
0
  6
Continuous
 62
     7
370
    25
100
AcDbLine
 10
-201.0071614136
 20
4.5770289907
 30
0.0
 11
-200.5071614136
 21
4.5770289907
 31
0.0
  0
LINE
  5
882
330
1F
100
AcDbEntity
  8
0
  6
Continuous
 62
     7
370
    25
100
AcDbLine
 10
-200.5071614136
 20
40.5770289907
 30
0.0
 11
-201.0071614136
 21
40.5770289907
 31
0.0
  0
LINE
  5
883
330
1F
100
AcDbEntity
  8
0
  6
Continuous
 62
     7
370
    25
100
AcDbLine
 10
-201.0071614136
 20
40.5770289907
 30
0.0
 11
-201.0071614136
 21
58.5770289907
 31
0.0
  0
LINE
  5
884
330
1F
100
AcDbEntity
  8
0
  6
Continuous
 62
     7
370
    25
100
AcDbLine
 10
-201.0071614136
 20
58.5770289907
 30
0.0
 11
-201.0378782034
 21
58.5770289907
 31
0.0
  0
LINE
  5
885
330
1F
100
AcDbEntity
  8
0
  6
Continuous
 62
     7
370
    25
100
AcDbLine
 10
-201.0378782034
 20
58.5770289907
 30
0.0
 11
-201.0378782034
 21
59.5770289907
 31
0.0
  0
LINE
  5
886
330
1F
100
AcDbEntity
  8
0
  6
Continuous
 62
     7
370
    25
100
AcDbLine
 10
-201.0378782034
 20
59.5770289907
 30
0.0
 11
-160.5071614136
 21
59.5770289907
 31
0.0
  0
LINE
  5
887
330
1F
100
AcDbEntity
  8
0
  6
Continuous
 62
     7
370
    25
100
AcDbLine
 10
-160.5071614136
 20
59.5770289907
 30
0.0
 11
-160.5071614136
 21
46.0770306678
 31
0.0
  0
LINE
  5
888
330
1F
100
AcDbEntity
  8
0
  6
Continuous
 62
     7
370
    25
100
AcDbLine
 10
-162.0071614136
 20
49.3270289907
 30
0.0
 11
-163.0071614136
 21
49.3270289907
 31
0.0
  0
LINE
  5
889
330
1F
100
AcDbEntity
  8
0
  6
Continuous
 62
     7
370
    25
100
AcDbLine
 10
-162.0071614136
 20
55.5770289907
 30
0.0
 11
-162.0071614136
 21
49.3270289907
 31
0.0
  0
LINE
  5
88A
330
1F
100
AcDbEntity
  8
0
  6
Continuous
 62
     7
370
    25
100
AcDbLine
 10
-163.0071614136
 20
55.5770289907
 30
0.0
 11
-162.0071614136
 21
55.5770289907
 31
0.0
  0
LINE
  5
88B
330
1F
100
AcDbEntity
  8
0
  6
Continuous
 62
     7
370
    25
100
AcDbLine
 10
-163.0071614136
 20
49.3270289907
 30
0.0
 11
-163.0071614136
 21
55.5770289907
 31
0.0
  0
LINE
  5
88C
330
1F
100
AcDbEntity
  8
0
  6
Continuous
 62
     7
370
    25
100
AcDbLine
 10
-198.2571614136
 20
-31.4229710093
 30
0.0
 11
-199.2571614136
 21
-31.4229710093
 31
0.0
  0
LINE
  5
88D
330
1F
100
AcDbEntity
  8
0
  6
Continuous
 62
     7
370
    25
100
AcDbLine
 10
-198.2571614136
 20
-1.4229710093
 30
0.0
 11
-198.2571614136
 21
-31.4229710093
 31
0.0
  0
LINE
  5
88E
330
1F
100
AcDbEntity
  8
0
  6
Continuous
 62
     7
370
    25
100
AcDbLine
 10
-199.2571614136
 20
-1.4229710093
 30
0.0
 11
-198.2571614136
 21
-1.4229710093
 31
0.0
  0
LINE
  5
88F
330
1F
100
AcDbEntity
  8
0
  6
Continuous
 62
     7
370
    25
100
AcDbLine
 10
-199.2571614136
 20
-31.4229710093
 30
0.0
 11
-199.2571614136
 21
-1.4229710093
 31
0.0
  0
LINE
  5
890
330
1F
100
AcDbEntity
  8
0
  6
Continuous
 62
     7
370
    25
100
AcDbLine
 10
-198.2571614136
 20
-135.4229710093
 30
0.0
 11
-199.2571614136
 21
-135.4229710093
 31
0.0
  0
LINE
  5
891
330
1F
100
AcDbEntity
  8
0
  6
Continuous
 62
     7
370
    25
100
AcDbLine
 10
-198.2571614136
 20
-121.4229710093
 30
0.0
 11
-198.2571614136
 21
-135.4229710093
 31
0.0
  0
LINE
  5
892
330
1F
100
AcDbEntity
  8
0
  6
Continuous
 62
     7
370
    25
100
AcDbLine
 10
-199.2571614136
 20
-121.4229710093
 30
0.0
 11
-198.2571614136
 21
-121.4229710093
 31
0.0
  0
LINE
  5
893
330
1F
100
AcDbEntity
  8
0
  6
Continuous
 62
     7
370
    25
100
AcDbLine
 10
-199.2571614136
 20
-135.4229710093
 30
0.0
 11
-199.2571614136
 21
-121.4229710093
 31
0.0
  0
LINE
  5
894
330
1F
100
AcDbEntity
  8
0
  6
Continuous
 62
     7
370
    25
100
AcDbLine
 10
-176.0363045081
 20
-95.0373407441
 30
0.0
 11
-175.0500189065
 21
-95.2023883499
 31
0.0
  0
LINE
  5
895
330
1F
100
AcDbEntity
  8
0
  6
Continuous
 62
     7
370
    25
100
AcDbLine
 10
-179.0071614136
 20
-112.7904815718
 30
0.0
 11
-176.0363045081
 21
-95.0373407441
 31
0.0
  0
LINE
  5
896
330
1F
100
AcDbEntity
  8
0
  6
Continuous
 62
     7
370
    25
100
AcDbLine
 10
-178.020875812
 20
-112.9555291776
 30
0.0
 11
-179.0071614136
 21
-112.7904815718
 31
0.0
  0
LINE
  5
897
330
1F
100
AcDbEntity
  8
0
  6
Continuous
 62
     7
370
    25
100
AcDbLine
 10
-175.0500189065
 20
-95.2023883499
 30
0.0
 11
-178.020875812
 21
-112.9555291776
 31
0.0
  0
LINE
  5
898
330
1F
100
AcDbEntity
  8
0
  6
Continuous
 62
     7
370
    25
100
AcDbLine
 10
-185.7571614136
 20
-130.4229710093
 30
0.0
 11
-193.7571614136
 21
-130.4229710093
 31
0.0
  0
LINE
  5
899
330
1F
100
AcDbEntity
  8
0
  6
Continuous
 62
     7
370
    25
100
AcDbLine
 10
-185.7571614136
 20
-129.4229710093
 30
0.0
 11
-185.7571614136
 21
-130.4229710093
 31
0.0
  0
LINE
  5
89A
330
1F
100
AcDbEntity
  8
0
  6
Continuous
 62
     7
370
    25
100
AcDbLine
 10
-193.7571614136
 20
-129.4229710093
 30
0.0
 11
-185.7571614136
 21
-129.4229710093
 31
0.0
  0
LINE
  5
89B
330
1F
100
AcDbEntity
  8
0
  6
Continuous
 62
     7
370
    25
100
AcDbLine
 10
-193.7571614136
 20
-130.4229710093
 30
0.0
 11
-193.7571614136
 21
-129.4229710093
 31
0.0
  0
LINE
  5
89C
330
1F
100
AcDbEntity
  8
0
  6
Continuous
 62
     7
370
    25
100
AcDbLine
 10
-198.2571614136
 20
-71.4229710093
 30
0.0
 11
-199.2571614136
 21
-71.4229710093
 31
0.0
  0
LINE
  5
89D
330
1F
100
AcDbEntity
  8
0
  6
Continuous
 62
     7
370
    25
100
AcDbLine
 10
-198.2571614136
 20
-41.4229710093
 30
0.0
 11
-198.2571614136
 21
-71.4229710093
 31
0.0
  0
LINE
  5
89E
330
1F
100
AcDbEntity
  8
0
  6
Continuous
 62
     7
370
    25
100
AcDbLine
 10
-199.2571614136
 20
-41.4229710093
 30
0.0
 11
-198.2571614136
 21
-41.4229710093
 31
0.0
  0
LINE
  5
89F
330
1F
100
AcDbEntity
  8
0
  6
Continuous
 62
     7
370
    25
100
AcDbLine
 10
-199.2571614136
 20
-71.4229710093
 30
0.0
 11
-199.2571614136
 21
-41.4229710093
 31
0.0
  0
LINE
  5
8A0
330
1F
100
AcDbEntity
  8
0
  6
Continuous
 62
     7
370
    25
100
AcDbLine
 10
-170.9382380913
 20
36.4158659705
 30
0.0
 11
-170.0223792498
 21
36.8173663845
 31
0.0
  0
LINE
  5
8A1
330
1F
100
AcDbEntity
  8
0
  6
Continuous
 62
     7
370
    25
100
AcDbLine
 10
-162.1052289839
 20
16.2669714572
 30
0.0
 11
-170.9382380913
 21
36.4158659705
 31
0.0
  0
LINE
  5
8A2
330
1F
100
AcDbEntity
  8
0
  6
Continuous
 62
     7
370
    25
100
AcDbLine
 10
-161.1893701424
 20
16.6684718711
 30
0.0
 11
-162.1052289839
 21
16.2669714572
 31
0.0
  0
LINE
  5
8A3
330
1F
100
AcDbEntity
  8
0
  6
Continuous
 62
     7
370
    25
100
AcDbLine
 10
-170.0223792498
 20
36.8173663845
 30
0.0
 11
-161.1893701424
 21
16.6684718711
 31
0.0
  0
LINE
  5
8A4
330
1F
100
AcDbEntity
  8
0
  6
Continuous
 62
     7
370
    25
100
AcDbLine
 10
-198.2571614136
 20
44.3270289907
 30
0.0
 11
-199.2571614136
 21
44.3270289907
 31
0.0
  0
LINE
  5
8A5
330
1F
100
AcDbEntity
  8
0
  6
Continuous
 62
     7
370
    25
100
AcDbLine
 10
-198.2571614136
 20
56.3270289907
 30
0.0
 11
-198.2571614136
 21
44.3270289907
 31
0.0
  0
LINE
  5
8A6
330
1F
100
AcDbEntity
  8
0
  6
Continuous
 62
     7
370
    25
100
AcDbLine
 10
-199.2571614136
 20
56.3270289907
 30
0.0
 11
-198.2571614136
 21
56.3270289907
 31
0.0
  0
LINE
  5
8A7
330
1F
100
AcDbEntity
  8
0
  6
Continuous
 62
     7
370
    25
100
AcDbLine
 10
-199.2571614136
 20
44.3270289907
 30
0.0
 11
-199.2571614136
 21
56.3270289907
 31
0.0
  0
LINE
  5
8A8
330
1F
100
AcDbEntity
  8
0
  6
Continuous
 62
     7
370
    25
100
AcDbLine
 10
-189.7571614136
 20
57.0770289907
 30
0.0
 11
-179.7571614136
 21
57.0770289907
 31
0.0
  0
LINE
  5
8A9
330
1F
100
AcDbEntity
  8
0
  6
Continuous
 62
     7
370
    25
100
AcDbLine
 10
-189.7571614136
 20
56.0770289907
 30
0.0
 11
-189.7571614136
 21
57.0770289907
 31
0.0
  0
LINE
  5
8AA
330
1F
100
AcDbEntity
  8
0
  6
Continuous
 62
     7
370
    25
100
AcDbLine
 10
-179.7571614136
 20
56.0770289907
 30
0.0
 11
-189.7571614136
 21
56.0770289907
 31
0.0
  0
LINE
  5
8AB
330
1F
100
AcDbEntity
  8
0
  6
Continuous
 62
     7
370
    25
100
AcDbLine
 10
-179.7571614136
 20
57.0770289907
 30
0.0
 11
-179.7571614136
 21
56.0770289907
 31
0.0
  0
LINE
  5
8AC
330
1F
100
AcDbEntity
  8
0
  6
Continuous
 62
     7
370
    25
100
AcDbLine
 10
-188.5071614136
 20
-16.4229710093
 30
0.0
 11
-168.5071614136
 21
-16.4229710093
 31
0.0
  0
LINE
  5
8AD
330
1F
100
AcDbEntity
  8
0
  6
Continuous
 62
     7
370
    25
100
AcDbLine
 10
-188.5071614136
 20
-17.4229710093
 30
0.0
 11
-188.5071614136
 21
-16.4229710093
 31
0.0
  0
LINE
  5
8AE
330
1F
100
AcDbEntity
  8
0
  6
Continuous
 62
     7
370
    25
100
AcDbLine
 10
-168.5071614136
 20
-17.4229710093
 30
0.0
 11
-188.5071614136
 21
-17.4229710093
 31
0.0
  0
LINE
  5
8AF
330
1F
100
AcDbEntity
  8
0
  6
Continuous
 62
     7
370
    25
100
AcDbLine
 10
-168.5071614136
 20
-16.4229710093
 30
0.0
 11
-168.5071614136
 21
-17.4229710093
 31
0.0
  0
LINE
  5
8B0
330
1F
100
AcDbEntity
  8
0
  6
Continuous
 62
     7
370
    25
100
AcDbLine
 10
-157.2571614136
 20
-6.4229710093
 30
0.0
 11
-156.2571614136
 21
-6.4229710093
 31
0.0
  0
LINE
  5
8B1
330
1F
100
AcDbEntity
  8
0
  6
Continuous
 62
     7
370
    25
100
AcDbLine
 10
-157.2571614136
 20
-31.4229710093
 30
0.0
 11
-157.2571614136
 21
-6.4229710093
 31
0.0
  0
LINE
  5
8B2
330
1F
100
AcDbEntity
  8
0
  6
Continuous
 62
     7
370
    25
100
AcDbLine
 10
-156.2571614136
 20
-31.4229710093
 30
0.0
 11
-157.2571614136
 21
-31.4229710093
 31
0.0
  0
LINE
  5
8B3
330
1F
100
AcDbEntity
  8
0
  6
Continuous
 62
     7
370
    25
100
AcDbLine
 10
-156.2571614136
 20
-6.4229710093
 30
0.0
 11
-156.2571614136
 21
-31.4229710093
 31
0.0
  0
LINE
  5
8B4
330
1F
100
AcDbEntity
  8
0
  6
Continuous
 62
     7
370
    25
100
AcDbLine
 10
-193.2571614136
 20
-69.4229710093
 30
0.0
 11
-183.2571614136
 21
-69.4229710093
 31
0.0
  0
LINE
  5
8B5
330
1F
100
AcDbEntity
  8
0
  6
Continuous
 62
     7
370
    25
100
AcDbLine
 10
-193.2571614136
 20
-70.4229710093
 30
0.0
 11
-193.2571614136
 21
-69.4229710093
 31
0.0
  0
LINE
  5
8B6
330
1F
100
AcDbEntity
  8
0
  6
Continuous
 62
     7
370
    25
100
AcDbLine
 10
-183.2571614136
 20
-70.4229710093
 30
0.0
 11
-193.2571614136
 21
-70.4229710093
 31
0.0
  0
LINE
  5
8B7
330
1F
100
AcDbEntity
  8
0
  6
Continuous
 62
     7
370
    25
100
AcDbLine
 10
-183.2571614136
 20
-69.4229710093
 30
0.0
 11
-183.2571614136
 21
-70.4229710093
 31
0.0
  0
LINE
  5
8B8
330
1F
100
AcDbEntity
  8
0
  6
Continuous
 62
     7
370
    25
100
AcDbLine
 10
-159.7024104586
 20
-6.9229693322
 30
0.0
 11
-171.2024104586
 21
-6.9229693322
 31
0.0
  0
LINE
  5
8B9
330
1F
100
AcDbEntity
  8
0
  6
Continuous
 62
     7
370
    25
100
AcDbLine
 10
-171.2024104586
 20
-6.9229693322
 30
0.0
 11
-171.2024104586
 21
23.0770306678
 31
0.0
  0
LINE
  5
8BA
330
1F
100
AcDbEntity
  8
0
  6
Continuous
 62
     7
370
    25
100
AcDbLine
 10
-119.2532857587
 20
-62.8916961108
 30
0.0
 11
-119.2532857587
 21
-22.2916961108
 31
0.0
  0
LINE
  5
8BB
330
1F
100
AcDbEntity
  8
0
  6
Continuous
 62
     7
370
    25
100
AcDbLine
 10
-108.5580367136
 20
48.7083038892
 30
0.0
 11
-116.9580367136
 21
48.7083038892
 31
0.0
  0
LINE
  5
8BC
330
1F
100
AcDbEntity
  8
0
  6
Continuous
 62
     7
370
    25
100
AcDbLine
 10
-148.5580367136
 20
-138.7916977879
 30
0.0
 11
-149.0580367136
 21
-138.7916977879
 31
0.0
  0
LINE
  5
8BD
330
1F
100
AcDbEntity
  8
0
  6
Continuous
 62
     7
370
    25
100
AcDbLine
 10
-149.0580367136
 20
-138.7916977879
 30
0.0
 11
-149.0580367136
 21
-114.7916977879
 31
0.0
  0
LINE
  5
8BE
330
1F
100
AcDbEntity
  8
0
  6
Continuous
 62
     7
370
    25
100
AcDbLine
 10
-148.5580367136
 20
-78.7916977879
 30
0.0
 11
-149.0580367136
 21
-78.7916977879
 31
0.0
  0
LINE
  5
8BF
330
1F
100
AcDbEntity
  8
0
  6
Continuous
 62
     7
370
    25
100
AcDbLine
 10
-149.0580367136
 20
-78.7916977879
 30
0.0
 11
-149.0580367136
 21
7.2083022121
 31
0.0
  0
LINE
  5
8C0
330
1F
100
AcDbEntity
  8
0
  6
Continuous
 62
     7
370
    25
100
AcDbLine
 10
-148.5580367136
 20
43.2083022121
 30
0.0
 11
-149.0580367136
 21
43.2083022121
 31
0.0
  0
LINE
  5
8C1
330
1F
100
AcDbEntity
  8
0
  6
Continuous
 62
     7
370
    25
100
AcDbLine
 10
-108.5580367136
 20
62.2083022121
 30
0.0
 11
-108.5580367136
 21
48.7083038892
 31
0.0
  0
LINE
  5
8C2
330
1F
100
AcDbEntity
  8
0
  6
Continuous
 62
     7
370
    25
100
AcDbLine
 10
-110.0580367136
 20
51.9583022121
 30
0.0
 11
-111.0580367136
 21
51.9583022121
 31
0.0
  0
LINE
  5
8C3
330
1F
100
AcDbEntity
  8
0
  6
Continuous
 62
     7
370
    25
100
AcDbLine
 10
-110.0580367136
 20
58.2083022121
 30
0.0
 11
-110.0580367136
 21
51.9583022121
 31
0.0
  0
LINE
  5
8C4
330
1F
100
AcDbEntity
  8
0
  6
Continuous
 62
     7
370
    25
100
AcDbLine
 10
-111.0580367136
 20
58.2083022121
 30
0.0
 11
-110.0580367136
 21
58.2083022121
 31
0.0
  0
LINE
  5
8C5
330
1F
100
AcDbEntity
  8
0
  6
Continuous
 62
     7
370
    25
100
AcDbLine
 10
-111.0580367136
 20
51.9583022121
 30
0.0
 11
-111.0580367136
 21
58.2083022121
 31
0.0
  0
LINE
  5
8C6
330
1F
100
AcDbEntity
  8
0
  6
Continuous
 62
     7
370
    25
100
AcDbLine
 10
-146.3080367136
 20
-28.7916977879
 30
0.0
 11
-147.3080367136
 21
-28.7916977879
 31
0.0
  0
LINE
  5
8C7
330
1F
100
AcDbEntity
  8
0
  6
Continuous
 62
     7
370
    25
100
AcDbLine
 10
-146.3080367136
 20
1.2083022121
 30
0.0
 11
-146.3080367136
 21
-28.7916977879
 31
0.0
  0
LINE
  5
8C8
330
1F
100
AcDbEntity
  8
0
  6
Continuous
 62
     7
370
    25
100
AcDbLine
 10
-147.3080367136
 20
1.2083022121
 30
0.0
 11
-146.3080367136
 21
1.2083022121
 31
0.0
  0
LINE
  5
8C9
330
1F
100
AcDbEntity
  8
0
  6
Continuous
 62
     7
370
    25
100
AcDbLine
 10
-147.3080367136
 20
-28.7916977879
 30
0.0
 11
-147.3080367136
 21
1.2083022121
 31
0.0
  0
LINE
  5
8CA
330
1F
100
AcDbEntity
  8
0
  6
Continuous
 62
     7
370
    25
100
AcDbLine
 10
-146.3080367136
 20
-132.7916977879
 30
0.0
 11
-147.3080367136
 21
-132.7916977879
 31
0.0
  0
LINE
  5
8CB
330
1F
100
AcDbEntity
  8
0
  6
Continuous
 62
     7
370
    25
100
AcDbLine
 10
-146.3080367136
 20
-118.7916977879
 30
0.0
 11
-146.3080367136
 21
-132.7916977879
 31
0.0
  0
LINE
  5
8CC
330
1F
100
AcDbEntity
  8
0
  6
Continuous
 62
     7
370
    25
100
AcDbLine
 10
-147.3080367136
 20
-118.7916977879
 30
0.0
 11
-146.3080367136
 21
-118.7916977879
 31
0.0
  0
LINE
  5
8CD
330
1F
100
AcDbEntity
  8
0
  6
Continuous
 62
     7
370
    25
100
AcDbLine
 10
-147.3080367136
 20
-132.7916977879
 30
0.0
 11
-147.3080367136
 21
-118.7916977879
 31
0.0
  0
LINE
  5
8CE
330
1F
100
AcDbEntity
  8
0
  6
Continuous
 62
     7
370
    25
100
AcDbLine
 10
-124.0871798081
 20
-92.4060675227
 30
0.0
 11
-123.1008942066
 21
-92.5711151285
 31
0.0
  0
LINE
  5
8CF
330
1F
100
AcDbEntity
  8
0
  6
Continuous
 62
     7
370
    25
100
AcDbLine
 10
-127.0580367136
 20
-110.1592083503
 30
0.0
 11
-124.0871798081
 21
-92.4060675227
 31
0.0
  0
LINE
  5
8D0
330
1F
100
AcDbEntity
  8
0
  6
Continuous
 62
     7
370
    25
100
AcDbLine
 10
-126.0717511121
 20
-110.3242559562
 30
0.0
 11
-127.0580367136
 21
-110.1592083503
 31
0.0
  0
LINE
  5
8D1
330
1F
100
AcDbEntity
  8
0
  6
Continuous
 62
     7
370
    25
100
AcDbLine
 10
-123.1008942066
 20
-92.5711151285
 30
0.0
 11
-126.0717511121
 21
-110.3242559562
 31
0.0
  0
LINE
  5
8D2
330
1F
100
AcDbEntity
  8
0
  6
Continuous
 62
     7
370
    25
100
AcDbLine
 10
-141.8080367136
 20
-126.7916977879
 30
0.0
 11
-133.8080367136
 21
-126.7916977879
 31
0.0
  0
LINE
  5
8D3
330
1F
100
AcDbEntity
  8
0
  6
Continuous
 62
     7
370
    25
100
AcDbLine
 10
-141.8080367136
 20
-127.7916977879
 30
0.0
 11
-141.8080367136
 21
-126.7916977879
 31
0.0
  0
LINE
  5
8D4
330
1F
100
AcDbEntity
  8
0
  6
Continuous
 62
     7
370
    25
100
AcDbLine
 10
-146.3080367136
 20
-68.7916977879
 30
0.0
 11
-147.3080367136
 21
-68.7916977879
 31
0.0
  0
LINE
  5
8D5
330
1F
100
AcDbEntity
  8
0
  6
Continuous
 62
     7
370
    25
100
AcDbLine
 10
-146.3080367136
 20
-38.7916977879
 30
0.0
 11
-146.3080367136
 21
-68.7916977879
 31
0.0
  0
LINE
  5
8D6
330
1F
100
AcDbEntity
  8
0
  6
Continuous
 62
     7
370
    25
100
AcDbLine
 10
-147.3080367136
 20
-68.7916977879
 30
0.0
 11
-147.3080367136
 21
-38.7916977879
 31
0.0
  0
LINE
  5
8D7
330
1F
100
AcDbEntity
  8
0
  6
Continuous
 62
     7
370
    25
100
AcDbLine
 10
-118.9891133913
 20
39.0471391919
 30
0.0
 11
-118.0732545498
 21
39.4486396059
 31
0.0
  0
LINE
  5
8D8
330
1F
100
AcDbEntity
  8
0
  6
Continuous
 62
     7
370
    25
100
AcDbLine
 10
-110.1561042839
 20
18.8982446786
 30
0.0
 11
-118.9891133913
 21
39.0471391919
 31
0.0
  0
LINE
  5
8D9
330
1F
100
AcDbEntity
  8
0
  6
Continuous
 62
     7
370
    25
100
AcDbLine
 10
-109.2402454424
 20
19.2997450926
 30
0.0
 11
-110.1561042839
 21
18.8982446786
 31
0.0
  0
LINE
  5
8DA
330
1F
100
AcDbEntity
  8
0
  6
Continuous
 62
     7
370
    25
100
AcDbLine
 10
-118.0732545498
 20
39.4486396059
 30
0.0
 11
-109.2402454424
 21
19.2997450926
 31
0.0
  0
LINE
  5
8DB
330
1F
100
AcDbEntity
  8
0
  6
Continuous
 62
     7
370
    25
100
AcDbLine
 10
-146.3080367136
 20
46.9583022121
 30
0.0
 11
-147.3080367136
 21
46.9583022121
 31
0.0
  0
LINE
  5
8DC
330
1F
100
AcDbEntity
  8
0
  6
Continuous
 62
     7
370
    25
100
AcDbLine
 10
-146.3080367136
 20
58.9583022121
 30
0.0
 11
-146.3080367136
 21
46.9583022121
 31
0.0
  0
LINE
  5
8DD
330
1F
100
AcDbEntity
  8
0
  6
Continuous
 62
     7
370
    25
100
AcDbLine
 10
-147.3080367136
 20
58.9583022121
 30
0.0
 11
-146.3080367136
 21
58.9583022121
 31
0.0
  0
LINE
  5
8DE
330
1F
100
AcDbEntity
  8
0
  6
Continuous
 62
     7
370
    25
100
AcDbLine
 10
-147.3080367136
 20
46.9583022121
 30
0.0
 11
-147.3080367136
 21
58.9583022121
 31
0.0
  0
LINE
  5
8DF
330
1F
100
AcDbEntity
  8
0
  6
Continuous
 62
     7
370
    25
100
AcDbLine
 10
-137.8080367136
 20
59.7083022121
 30
0.0
 11
-127.8080367136
 21
59.7083022121
 31
0.0
  0
LINE
  5
8E0
330
1F
100
AcDbEntity
  8
0
  6
Continuous
 62
     7
370
    25
100
AcDbLine
 10
-137.8080367136
 20
58.7083022121
 30
0.0
 11
-137.8080367136
 21
59.7083022121
 31
0.0
  0
LINE
  5
8E1
330
1F
100
AcDbEntity
  8
0
  6
Continuous
 62
     7
370
    25
100
AcDbLine
 10
-127.8080367136
 20
58.7083022121
 30
0.0
 11
-137.8080367136
 21
58.7083022121
 31
0.0
  0
LINE
  5
8E2
330
1F
100
AcDbEntity
  8
0
  6
Continuous
 62
     7
370
    25
100
AcDbLine
 10
-127.8080367136
 20
59.7083022121
 30
0.0
 11
-127.8080367136
 21
58.7083022121
 31
0.0
  0
LINE
  5
8E3
330
1F
100
AcDbEntity
  8
0
  6
Continuous
 62
     7
370
    25
100
AcDbLine
 10
-136.5580367136
 20
-13.7916977879
 30
0.0
 11
-116.5580367136
 21
-13.7916977879
 31
0.0
  0
LINE
  5
8E4
330
1F
100
AcDbEntity
  8
0
  6
Continuous
 62
     7
370
    25
100
AcDbLine
 10
-116.5580367136
 20
-13.7916977879
 30
0.0
 11
-116.5580367136
 21
-14.7916977879
 31
0.0
  0
LINE
  5
8E5
330
1F
100
AcDbEntity
  8
0
  6
Continuous
 62
     7
370
    25
100
AcDbLine
 10
-107.7532857587
 20
-4.2916961108
 30
0.0
 11
-119.2532857587
 21
-4.2916961108
 31
0.0
  0
LINE
  5
8E6
330
1F
100
AcDbEntity
  8
0
  6
Continuous
 62
     7
370
    25
100
AcDbLine
 10
-119.2532857587
 20
-4.2916961108
 30
0.0
 11
-119.2532857587
 21
25.7083038892
 31
0.0
  0
LINE
  5
8E7
330
1F
100
AcDbEntity
  8
0
  6
Continuous
 62
     7
370
    25
100
AcDbLine
 10
-149.0580367136
 20
43.2083022121
 30
0.0
 11
-149.0580367136
 21
61.2083022121
 31
0.0
  0
LINE
  5
8E8
330
1F
100
AcDbEntity
  8
0
  6
Continuous
 62
     7
370
    25
100
AcDbLine
 10
-149.0580367136
 20
-114.7916977879
 30
0.0
 11
-148.5580367136
 21
-114.7916977879
 31
0.0
  0
LINE
  5
8E9
330
1F
100
AcDbEntity
  8
0
  6
Continuous
 62
     7
370
    25
100
AcDbLine
 10
-149.0887535034
 20
62.2083022121
 30
0.0
 11
-108.5580367136
 21
62.2083022121
 31
0.0
  0
LINE
  5
8EA
330
1F
100
AcDbEntity
  8
0
  6
Continuous
 62
     7
370
    25
100
AcDbLine
 10
-149.0887535034
 20
61.2083022121
 30
0.0
 11
-149.0887535034
 21
62.2083022121
 31
0.0
  0
LINE
  5
8EB
330
1F
100
AcDbEntity
  8
0
  6
Continuous
 62
     7
370
    25
100
AcDbLine
 10
-149.0580367136
 20
61.2083022121
 30
0.0
 11
-149.0887535034
 21
61.2083022121
 31
0.0
  0
LINE
  5
8EC
330
1F
100
AcDbEntity
  8
0
  6
Continuous
 62
     7
370
    25
100
AcDbLine
 10
-149.0580367136
 20
7.2083022121
 30
0.0
 11
-148.5580367136
 21
7.2083022121
 31
0.0
  0
LINE
  5
8ED
330
1F
100
AcDbEntity
  8
0
  6
Continuous
 62
     7
370
    25
100
AcDbLine
 10
-141.3080367136
 20
-67.7916977879
 30
0.0
 11
-141.3080367136
 21
-66.7916977879
 31
0.0
  0
LINE
  5
8EE
330
1F
100
AcDbEntity
  8
0
  6
Continuous
 62
     7
370
    25
100
AcDbLine
 10
-141.3080367136
 20
-66.7916977879
 30
0.0
 11
-131.3080367136
 21
-66.7916977879
 31
0.0
  0
LINE
  5
8EF
330
1F
100
AcDbEntity
  8
0
  6
Continuous
 62
     7
370
    25
100
AcDbLine
 10
-131.3080367136
 20
-66.7916977879
 30
0.0
 11
-131.3080367136
 21
-67.7916977879
 31
0.0
  0
LINE
  5
8F0
330
1F
100
AcDbEntity
  8
0
  6
Continuous
 62
     7
370
    25
100
AcDbLine
 10
-105.3080367136
 20
-28.7916977879
 30
0.0
 11
-105.3080367136
 21
-3.7916977879
 31
0.0
  0
LINE
  5
8F1
330
1F
100
AcDbEntity
  8
0
  6
Continuous
 62
     7
370
    25
100
AcDbLine
 10
-104.3080367136
 20
-3.7916977879
 30
0.0
 11
-104.3080367136
 21
-28.7916977879
 31
0.0
  0
LINE
  5
8F2
330
1F
100
AcDbEntity
  8
0
  6
Continuous
 62
     7
370
    25
100
AcDbLine
 10
-104.3080367136
 20
-28.7916977879
 30
0.0
 11
-105.3080367136
 21
-28.7916977879
 31
0.0
  0
LINE
  5
8F3
330
1F
100
AcDbEntity
  8
0
  6
Continuous
 62
     7
370
    25
100
AcDbLine
 10
-136.5580367136
 20
-14.7916977879
 30
0.0
 11
-136.5580367136
 21
-13.7916977879
 31
0.0
  0
LINE
  5
8F4
330
1F
100
AcDbEntity
  8
0
  6
Continuous
 62
     7
370
    25
100
AcDbLine
 10
-116.5580367136
 20
-14.7916977879
 30
0.0
 11
-136.5580367136
 21
-14.7916977879
 31
0.0
  0
LINE
  5
8F5
330
1F
100
AcDbEntity
  8
0
  6
Continuous
 62
     7
370
    25
100
AcDbLine
 10
-147.3080367136
 20
-38.7916977879
 30
0.0
 11
-146.3080367136
 21
-38.7916977879
 31
0.0
  0
LINE
  5
8F6
330
1F
100
AcDbEntity
  8
0
  6
Continuous
 62
     7
370
    25
100
AcDbLine
 10
-133.8080367136
 20
-126.7916977879
 30
0.0
 11
-133.8080367136
 21
-127.7916977879
 31
0.0
  0
LINE
  5
8F7
330
1F
100
AcDbEntity
  8
0
  6
Continuous
 62
     7
370
    25
100
AcDbLine
 10
-133.8080367136
 20
-127.7916977879
 30
0.0
 11
-141.8080367136
 21
-127.7916977879
 31
0.0
  0
LINE
  5
8F8
330
1F
100
AcDbEntity
  8
0
  6
Continuous
 62
     7
370
    25
100
AcDbLine
 10
-119.2532857587
 20
-22.2916961108
 30
0.0
 11
-107.7532857587
 21
-22.2916961108
 31
0.0
  0
LINE
  5
8F9
330
1F
100
AcDbEntity
  8
0
  6
Continuous
 62
     7
370
    25
100
AcDbLine
 10
-105.3080367136
 20
-3.7916977879
 30
0.0
 11
-104.3080367136
 21
-3.7916977879
 31
0.0
  0
LINE
  5
8FA
330
1F
100
AcDbEntity
  8
0
  6
Continuous
 62
     7
370
    25
100
AcDbLine
 10
-131.3080367136
 20
-67.7916977879
 30
0.0
 11
-141.3080367136
 21
-67.7916977879
 31
0.0
  0
LINE
  5
8FB
330
1F
100
AcDbEntity
  8
0
  6
Continuous
 62
     7
370
    25
100
AcDbLine
 10
108.358557312
 20
-114.7764250821
 30
0.0
 11
124.358557312
 21
-114.7764250821
 31
0.0
  0
LINE
  5
8FC
330
1F
100
AcDbEntity
  8
0
  6
Continuous
 62
     7
370
    25
100
AcDbLine
 10
106.958557312
 20
-68.7764250821
 30
0.0
 11
106.958557312
 21
-38.7764250821
 31
0.0
  0
LINE
  5
8FD
330
1F
100
AcDbEntity
  8
0
  6
Continuous
 62
     7
370
    25
100
AcDbLine
 10
106.958557312
 20
-38.7764250821
 30
0.0
 11
108.358557312
 21
-38.7764250821
 31
0.0
  0
LINE
  5
8FE
330
1F
100
AcDbEntity
  8
0
  6
Continuous
 62
     7
370
    25
100
AcDbLine
 10
108.358557312
 20
-28.7764250821
 30
0.0
 11
106.958557312
 21
-28.7764250821
 31
0.0
  0
LINE
  5
8FF
330
1F
100
AcDbEntity
  8
0
  6
Continuous
 62
     7
370
    25
100
AcDbLine
 10
106.958557312
 20
-28.7764250821
 30
0.0
 11
106.958557312
 21
1.2235749179
 31
0.0
  0
LINE
  5
900
330
1F
100
AcDbEntity
  8
0
  6
Continuous
 62
     7
370
    25
100
AcDbLine
 10
108.358557312
 20
7.2235749179
 30
0.0
 11
124.358557312
 21
7.2235749179
 31
0.0
  0
LINE
  5
901
330
1F
100
AcDbEntity
  8
0
  6
Continuous
 62
     7
370
    25
100
AcDbLine
 10
108.358557312
 20
46.9735749179
 30
0.0
 11
106.958557312
 21
46.9735749179
 31
0.0
  0
LINE
  5
902
330
1F
100
AcDbEntity
  8
0
  6
Continuous
 62
     7
370
    25
100
AcDbLine
 10
106.958557312
 20
46.9735749179
 30
0.0
 11
106.958557312
 21
58.9735749179
 31
0.0
  0
LINE
  5
903
330
1F
100
AcDbEntity
  8
0
  6
Continuous
 62
     7
370
    25
100
AcDbLine
 10
106.958557312
 20
58.9735749179
 30
0.0
 11
108.358557312
 21
58.9735749179
 31
0.0
  0
LINE
  5
904
330
1F
100
AcDbEntity
  8
0
  6
Continuous
 62
     7
370
    25
100
AcDbLine
 10
195.758557312
 20
58.9735749179
 30
0.0
 11
194.358557312
 21
58.9735749179
 31
0.0
  0
LINE
  5
905
330
1F
100
AcDbEntity
  8
0
  6
Continuous
 62
     7
370
    25
100
AcDbLine
 10
195.758557312
 20
46.9735749179
 30
0.0
 11
195.758557312
 21
58.9735749179
 31
0.0
  0
LINE
  5
906
330
1F
100
AcDbEntity
  8
0
  6
Continuous
 62
     7
370
    25
100
AcDbLine
 10
195.758557312
 20
1.2235749179
 30
0.0
 11
194.358557312
 21
1.2235749179
 31
0.0
  0
LINE
  5
907
330
1F
100
AcDbEntity
  8
0
  6
Continuous
 62
     7
370
    25
100
AcDbLine
 10
195.758557312
 20
-28.7764250821
 30
0.0
 11
195.758557312
 21
1.2235749179
 31
0.0
  0
LINE
  5
908
330
1F
100
AcDbEntity
  8
0
  6
Continuous
 62
     7
370
    25
100
AcDbLine
 10
195.758557312
 20
-38.7764250821
 30
0.0
 11
194.358557312
 21
-38.7764250821
 31
0.0
  0
LINE
  5
909
330
1F
100
AcDbEntity
  8
0
  6
Continuous
 62
     7
370
    25
100
AcDbLine
 10
194.358557312
 20
-114.7764250821
 30
0.0
 11
178.358557312
 21
-114.7764250821
 31
0.0
  0
LINE
  5
90A
330
1F
100
AcDbEntity
  8
0
  6
Continuous
 62
     7
370
    25
100
AcDbLine
 10
195.758557312
 20
-118.7764250821
 30
0.0
 11
194.358557312
 21
-118.7764250821
 31
0.0
  0
LINE
  5
90B
330
1F
100
AcDbEntity
  8
0
  6
Continuous
 62
     7
370
    25
100
AcDbLine
 10
195.758557312
 20
-132.7764250821
 30
0.0
 11
195.758557312
 21
-118.7764250821
 31
0.0
  0
LINE
  5
90C
330
1F
100
AcDbEntity
  8
0
  6
Continuous
 62
     7
370
    25
100
AcDbLine
 10
194.358557312
 20
-132.7764250821
 30
0.0
 11
195.758557312
 21
-132.7764250821
 31
0.0
  0
LINE
  5
90D
330
1F
100
AcDbEntity
  8
0
  6
Continuous
 62
     7
370
    25
100
AcDbLine
 10
108.358557312
 20
-132.7764250821
 30
0.0
 11
106.958557312
 21
-132.7764250821
 31
0.0
  0
LINE
  5
90E
330
1F
100
AcDbEntity
  8
0
  6
Continuous
 62
     7
370
    25
100
AcDbLine
 10
166.358557312
 20
58.7235749179
 30
0.0
 11
166.358557312
 21
59.7235749179
 31
0.0
  0
LINE
  5
90F
330
1F
100
AcDbEntity
  8
0
  6
Continuous
 62
     7
370
    25
100
AcDbLine
 10
136.358557312
 20
-13.7764250821
 30
0.0
 11
136.358557312
 21
-14.7764250821
 31
0.0
  0
LINE
  5
910
330
1F
100
AcDbEntity
  8
0
  6
Continuous
 62
     7
370
    25
100
AcDbLine
 10
136.358557312
 20
-14.7764250821
 30
0.0
 11
166.358557312
 21
-14.7764250821
 31
0.0
  0
LINE
  5
911
330
1F
100
AcDbEntity
  8
0
  6
Continuous
 62
     7
370
    25
100
AcDbLine
 10
166.358557312
 20
-14.7764250821
 30
0.0
 11
166.358557312
 21
-13.7764250821
 31
0.0
  0
LINE
  5
912
330
1F
100
AcDbEntity
  8
0
  6
Continuous
 62
     7
370
    25
100
AcDbLine
 10
141.358557312
 20
-109.7764250821
 30
0.0
 11
141.358557312
 21
-89.7764250821
 31
0.0
  0
LINE
  5
913
330
1F
100
AcDbEntity
  8
0
  6
Continuous
 62
     7
370
    25
100
AcDbLine
 10
141.358557312
 20
-89.7764250821
 30
0.0
 11
140.358557312
 21
-89.7764250821
 31
0.0
  0
LINE
  5
914
330
1F
100
AcDbEntity
  8
0
  6
Continuous
 62
     7
370
    25
100
AcDbLine
 10
140.358557312
 20
-89.7764250821
 30
0.0
 11
140.358557312
 21
-109.7764250821
 31
0.0
  0
LINE
  5
915
330
1F
100
AcDbEntity
  8
0
  6
Continuous
 62
     7
370
    25
100
AcDbLine
 10
161.358557312
 20
-109.7764250821
 30
0.0
 11
162.358557312
 21
-109.7764250821
 31
0.0
  0
LINE
  5
916
330
1F
100
AcDbEntity
  8
0
  6
Continuous
 62
     7
370
    25
100
AcDbLine
 10
162.358557312
 20
-109.7764250821
 30
0.0
 11
162.358557312
 21
-89.7764250821
 31
0.0
  0
LINE
  5
917
330
1F
100
AcDbEntity
  8
0
  6
Continuous
 62
     7
370
    25
100
AcDbLine
 10
162.358557312
 20
-89.7764250821
 30
0.0
 11
161.358557312
 21
-89.7764250821
 31
0.0
  0
LINE
  5
918
330
1F
100
AcDbEntity
  8
0
  6
Continuous
 62
     7
370
    25
100
AcDbLine
 10
161.358557312
 20
-89.7764250821
 30
0.0
 11
161.358557312
 21
-109.7764250821
 31
0.0
  0
LINE
  5
919
330
1F
100
AcDbEntity
  8
0
  6
Continuous
 62
     7
370
    25
100
AcDbLine
 10
136.358557312
 20
-67.7764250821
 30
0.0
 11
166.358557312
 21
-67.7764250821
 31
0.0
  0
LINE
  5
91A
330
1F
100
AcDbEntity
  8
0
  6
Continuous
 62
     7
370
    25
100
AcDbLine
 10
166.358557312
 20
-67.7764250821
 30
0.0
 11
166.358557312
 21
-66.7764250821
 31
0.0
  0
LINE
  5
91B
330
1F
100
AcDbEntity
  8
0
  6
Continuous
 62
     7
370
    25
100
AcDbLine
 10
162.358557312
 20
32.4735749179
 30
0.0
 11
161.358557312
 21
32.4735749179
 31
0.0
  0
LINE
  5
91C
330
1F
100
AcDbEntity
  8
0
  6
Continuous
 62
     7
370
    25
100
AcDbLine
 10
161.358557312
 20
32.4735749179
 30
0.0
 11
161.358557312
 21
12.4735749179
 31
0.0
  0
LINE
  5
91D
330
1F
100
AcDbEntity
  8
0
  6
Continuous
 62
     7
370
    25
100
AcDbLine
 10
161.358557312
 20
12.4735749179
 30
0.0
 11
162.358557312
 21
12.4735749179
 31
0.0
  0
LINE
  5
91E
330
1F
100
AcDbEntity
  8
0
  6
Continuous
 62
     7
370
    25
100
AcDbLine
 10
162.358557312
 20
12.4735749179
 30
0.0
 11
162.358557312
 21
32.4735749179
 31
0.0
  0
LINE
  5
91F
330
1F
100
AcDbEntity
  8
0
  6
Continuous
 62
     7
370
    25
100
AcDbLine
 10
141.358557312
 20
12.4735749179
 30
0.0
 11
141.358557312
 21
32.4735749179
 31
0.0
  0
LINE
  5
920
330
1F
100
AcDbEntity
  8
0
  6
Continuous
 62
     7
370
    25
100
AcDbLine
 10
166.358557312
 20
-13.7764250821
 30
0.0
 11
136.358557312
 21
-13.7764250821
 31
0.0
  0
LINE
  5
921
330
1F
100
AcDbEntity
  8
0
  6
Continuous
 62
     7
370
    25
100
AcDbLine
 10
108.358557312
 20
-78.7764250821
 30
0.0
 11
124.358557312
 21
-78.7764250821
 31
0.0
  0
LINE
  5
922
330
1F
100
AcDbEntity
  8
0
  6
Continuous
 62
     7
370
    25
100
AcDbLine
 10
108.358557312
 20
-68.7764250821
 30
0.0
 11
108.358557312
 21
-78.7764250821
 31
0.0
  0
LINE
  5
923
330
1F
100
AcDbEntity
  8
0
  6
Continuous
 62
     7
370
    25
100
AcDbLine
 10
194.358557312
 20
-68.7764250821
 30
0.0
 11
195.758557312
 21
-68.7764250821
 31
0.0
  0
LINE
  5
924
330
1F
100
AcDbEntity
  8
0
  6
Continuous
 62
     7
370
    25
100
AcDbLine
 10
178.358557312
 20
-114.7764250821
 30
0.0
 11
178.358557312
 21
-78.7764250821
 31
0.0
  0
LINE
  5
925
330
1F
100
AcDbEntity
  8
0
  6
Continuous
 62
     7
370
    25
100
AcDbLine
 10
194.358557312
 20
62.2235749179
 30
0.0
 11
194.358557312
 21
58.9735749179
 31
0.0
  0
LINE
  5
926
330
1F
100
AcDbEntity
  8
0
  6
Continuous
 62
     7
370
    25
100
AcDbLine
 10
106.958557312
 20
1.2235749179
 30
0.0
 11
108.358557312
 21
1.2235749179
 31
0.0
  0
LINE
  5
927
330
1F
100
AcDbEntity
  8
0
  6
Continuous
 62
     7
370
    25
100
AcDbLine
 10
140.358557312
 20
32.4735749179
 30
0.0
 11
140.358557312
 21
12.4735749179
 31
0.0
  0
LINE
  5
928
330
1F
100
AcDbEntity
  8
0
  6
Continuous
 62
     7
370
    25
100
AcDbLine
 10
108.358557312
 20
62.2235749179
 30
0.0
 11
108.358557312
 21
58.9735749179
 31
0.0
  0
LINE
  5
929
330
1F
100
AcDbEntity
  8
0
  6
Continuous
 62
     7
370
    25
100
AcDbLine
 10
108.358557312
 20
7.2235749179
 30
0.0
 11
108.358557312
 21
1.2235749179
 31
0.0
  0
LINE
  5
92A
330
1F
100
AcDbEntity
  8
0
  6
Continuous
 62
     7
370
    25
100
AcDbLine
 10
166.358557312
 20
-66.7764250821
 30
0.0
 11
136.358557312
 21
-66.7764250821
 31
0.0
  0
LINE
  5
92B
330
1F
100
AcDbEntity
  8
0
  6
Continuous
 62
     7
370
    25
100
AcDbLine
 10
136.358557312
 20
-66.7764250821
 30
0.0
 11
136.358557312
 21
-67.7764250821
 31
0.0
  0
LINE
  5
92C
330
1F
100
AcDbEntity
  8
0
  6
Continuous
 62
     7
370
    25
100
AcDbLine
 10
140.358557312
 20
-109.7764250821
 30
0.0
 11
141.358557312
 21
-109.7764250821
 31
0.0
  0
LINE
  5
92D
330
1F
100
AcDbEntity
  8
0
  6
Continuous
 62
     7
370
    25
100
AcDbLine
 10
136.358557312
 20
59.7235749179
 30
0.0
 11
136.358557312
 21
58.7235749179
 31
0.0
  0
LINE
  5
92E
330
1F
100
AcDbEntity
  8
0
  6
Continuous
 62
     7
370
    25
100
AcDbLine
 10
136.358557312
 20
58.7235749179
 30
0.0
 11
166.358557312
 21
58.7235749179
 31
0.0
  0
LINE
  5
92F
330
1F
100
AcDbEntity
  8
0
  6
Continuous
 62
     7
370
    25
100
AcDbLine
 10
106.958557312
 20
-132.7764250821
 30
0.0
 11
106.958557312
 21
-118.7764250821
 31
0.0
  0
LINE
  5
930
330
1F
100
AcDbEntity
  8
0
  6
Continuous
 62
     7
370
    25
100
AcDbLine
 10
194.358557312
 20
62.2235749179
 30
0.0
 11
108.358557312
 21
62.2235749179
 31
0.0
  0
LINE
  5
931
330
1F
100
AcDbEntity
  8
0
  6
Continuous
 62
     7
370
    25
100
AcDbLine
 10
195.758557312
 20
-68.7764250821
 30
0.0
 11
195.758557312
 21
-38.7764250821
 31
0.0
  0
LINE
  5
932
330
1F
100
AcDbEntity
  8
0
  6
Continuous
 62
     7
370
    25
100
AcDbLine
 10
194.358557312
 20
-28.7764250821
 30
0.0
 11
195.758557312
 21
-28.7764250821
 31
0.0
  0
LINE
  5
933
330
1F
100
AcDbEntity
  8
0
  6
Continuous
 62
     7
370
    25
100
AcDbLine
 10
194.358557312
 20
46.9735749179
 30
0.0
 11
195.758557312
 21
46.9735749179
 31
0.0
  0
LINE
  5
934
330
1F
100
AcDbEntity
  8
0
  6
Continuous
 62
     7
370
    25
100
AcDbLine
 10
124.358557312
 20
-114.7764250821
 30
0.0
 11
124.358557312
 21
-78.7764250821
 31
0.0
  0
LINE
  5
935
330
1F
100
AcDbEntity
  8
0
  6
Continuous
 62
     7
370
    25
100
AcDbLine
 10
108.358557312
 20
46.9735749179
 30
0.0
 11
108.358557312
 21
43.2235749179
 31
0.0
  0
LINE
  5
936
330
1F
100
AcDbEntity
  8
0
  6
Continuous
 62
     7
370
    25
100
AcDbLine
 10
166.358557312
 20
-127.7764250821
 30
0.0
 11
166.358557312
 21
-126.7764250821
 31
0.0
  0
LINE
  5
937
330
1F
100
AcDbEntity
  8
0
  6
Continuous
 62
     7
370
    25
100
AcDbLine
 10
194.358557312
 20
43.2235749179
 30
0.0
 11
178.358557312
 21
43.2235749179
 31
0.0
  0
LINE
  5
938
330
1F
100
AcDbEntity
  8
0
  6
Continuous
 62
     7
370
    25
100
AcDbLine
 10
178.358557312
 20
43.2235749179
 30
0.0
 11
178.358557312
 21
7.2235749179
 31
0.0
  0
LINE
  5
939
330
1F
100
AcDbEntity
  8
0
  6
Continuous
 62
     7
370
    25
100
AcDbLine
 10
194.358557312
 20
-78.7764250821
 30
0.0
 11
178.358557312
 21
-78.7764250821
 31
0.0
  0
LINE
  5
93A
330
1F
100
AcDbEntity
  8
0
  6
Continuous
 62
     7
370
    25
100
AcDbLine
 10
108.358557312
 20
-132.7764250821
 30
0.0
 11
108.358557312
 21
-138.7764250821
 31
0.0
  0
LINE
  5
93B
330
1F
100
AcDbEntity
  8
0
  6
Continuous
 62
     7
370
    25
100
AcDbLine
 10
106.958557312
 20
-118.7764250821
 30
0.0
 11
108.358557312
 21
-118.7764250821
 31
0.0
  0
LINE
  5
93C
330
1F
100
AcDbEntity
  8
0
  6
Continuous
 62
     7
370
    25
100
AcDbLine
 10
194.358557312
 20
-132.7764250821
 30
0.0
 11
194.358557312
 21
-138.7764250821
 31
0.0
  0
LINE
  5
93D
330
1F
100
AcDbEntity
  8
0
  6
Continuous
 62
     7
370
    25
100
AcDbLine
 10
140.358557312
 20
12.4735749179
 30
0.0
 11
141.358557312
 21
12.4735749179
 31
0.0
  0
LINE
  5
93E
330
1F
100
AcDbEntity
  8
0
  6
Continuous
 62
     7
370
    25
100
AcDbLine
 10
108.358557312
 20
-114.7764250821
 30
0.0
 11
108.358557312
 21
-118.7764250821
 31
0.0
  0
LINE
  5
93F
330
1F
100
AcDbEntity
  8
0
  6
Continuous
 62
     7
370
    25
100
AcDbLine
 10
124.358557312
 20
43.2235749179
 30
0.0
 11
124.358557312
 21
7.2235749179
 31
0.0
  0
LINE
  5
940
330
1F
100
AcDbEntity
  8
0
  6
Continuous
 62
     7
370
    25
100
AcDbLine
 10
108.358557312
 20
43.2235749179
 30
0.0
 11
124.358557312
 21
43.2235749179
 31
0.0
  0
LINE
  5
941
330
1F
100
AcDbEntity
  8
0
  6
Continuous
 62
     7
370
    25
100
AcDbLine
 10
136.358557312
 20
-127.7764250821
 30
0.0
 11
166.358557312
 21
-127.7764250821
 31
0.0
  0
LINE
  5
942
330
1F
100
AcDbEntity
  8
0
  6
Continuous
 62
     7
370
    25
100
AcDbLine
 10
108.358557312
 20
-68.7764250821
 30
0.0
 11
106.958557312
 21
-68.7764250821
 31
0.0
  0
LINE
  5
943
330
1F
100
AcDbEntity
  8
0
  6
Continuous
 62
     7
370
    25
100
AcDbLine
 10
194.358557312
 20
7.2235749179
 30
0.0
 11
178.358557312
 21
7.2235749179
 31
0.0
  0
LINE
  5
944
330
1F
100
AcDbEntity
  8
0
  6
Continuous
 62
     7
370
    25
100
AcDbLine
 10
194.358557312
 20
-68.7764250821
 30
0.0
 11
194.358557312
 21
-78.7764250821
 31
0.0
  0
LINE
  5
945
330
1F
100
AcDbEntity
  8
0
  6
Continuous
 62
     7
370
    25
100
AcDbLine
 10
136.358557312
 20
-126.7764250821
 30
0.0
 11
136.358557312
 21
-127.7764250821
 31
0.0
  0
LINE
  5
946
330
1F
100
AcDbEntity
  8
0
  6
Continuous
 62
     7
370
    25
100
AcDbLine
 10
194.358557312
 20
7.2235749179
 30
0.0
 11
194.358557312
 21
1.2235749179
 31
0.0
  0
LINE
  5
947
330
1F
100
AcDbEntity
  8
0
  6
Continuous
 62
     7
370
    25
100
AcDbLine
 10
194.358557312
 20
-114.7764250821
 30
0.0
 11
194.358557312
 21
-118.7764250821
 31
0.0
  0
LINE
  5
948
330
1F
100
AcDbEntity
  8
0
  6
Continuous
 62
     7
370
    25
100
AcDbLine
 10
166.358557312
 20
-126.7764250821
 30
0.0
 11
136.358557312
 21
-126.7764250821
 31
0.0
  0
LINE
  5
949
330
1F
100
AcDbEntity
  8
0
  6
Continuous
 62
     7
370
    25
100
AcDbLine
 10
141.358557312
 20
32.4735749179
 30
0.0
 11
140.358557312
 21
32.4735749179
 31
0.0
  0
LINE
  5
94A
330
1F
100
AcDbEntity
  8
0
  6
Continuous
 62
     7
370
    25
100
AcDbLine
 10
166.358557312
 20
59.7235749179
 30
0.0
 11
136.358557312
 21
59.7235749179
 31
0.0
  0
LINE
  5
94B
330
1F
100
AcDbEntity
  8
0
  6
Continuous
 62
     7
370
    25
100
AcDbLine
 10
194.358557312
 20
46.9735749179
 30
0.0
 11
194.358557312
 21
43.2235749179
 31
0.0
  0
LINE
  5
94C
330
1F
100
AcDbEntity
  8
0
  6
Continuous
 62
     7
370
    25
100
AcDbLine
 10
194.358557312
 20
-28.7764250821
 30
0.0
 11
194.358557312
 21
-38.7764250821
 31
0.0
  0
LINE
  5
94D
330
1F
100
AcDbEntity
  8
0
  6
Continuous
 62
     7
370
    25
100
AcDbLine
 10
108.358557312
 20
-28.7764250821
 30
0.0
 11
108.358557312
 21
-38.7764250821
 31
0.0
  0
ARC
  5
94E
330
1F
100
AcDbEntity
  8
0
  6
Continuous
 62
     7
370
    25
100
AcDbCircle
 10
-122.4047138567
 20
111.1457266633
 30
0.0
 40
11.74357026382826
100
AcDbArc
 50
0.0
 51
78.043499836
  0
ARC
  5
94F
330
1F
100
AcDbEntity
  8
0
  6
Continuous
 62
     7
370
    25
100
AcDbCircle
 10
5.9792566025
 20
46.8826446432
 30
0.0
 40
11.74357026382825
100
AcDbArc
 50
0.0
 51
78.043499836
  0
ARC
  5
950
330
1F
100
AcDbEntity
  8
0
  6
Continuous
 62
     7
370
    25
100
AcDbCircle
 10
-70.482059599
 20
20.2623721805
 30
0.0
 40
3.000000000000016
100
AcDbArc
 50
180.0
 51
225.0
  0
ARC
  5
951
330
1F
100
AcDbEntity
  8
0
  6
Continuous
 62
     7
370
    25
100
AcDbCircle
 10
-72.1683511
 20
13.4633823072
 30
0.0
 40
2.999999999999992
100
AcDbArc
 50
315.0
 51
45.0
  0
ARC
  5
952
330
1F
100
AcDbEntity
  8
0
  6
Continuous
 62
     7
370
    25
100
AcDbCircle
 10
-76.4109917871
 20
9.2207416201
 30
0.0
 40
2.999999999999995
100
AcDbArc
 50
225.0
 51
315.0
  0
ARC
  5
953
330
1F
100
AcDbEntity
  8
0
  6
Continuous
 62
     7
370
    25
100
AcDbCircle
 10
-90.5531274108
 20
9.2207416201
 30
0.0
 40
3.000000000000027
100
AcDbArc
 50
225.0
 51
315.0
  0
ARC
  5
954
330
1F
100
AcDbEntity
  8
0
  6
Continuous
 62
     7
370
    25
100
AcDbCircle
 10
-94.795768098
 20
13.4633823072
 30
0.0
 40
2.999999999999979
100
AcDbArc
 50
135.0
 51
225.0
  0
ARC
  5
955
330
1F
100
AcDbEntity
  8
0
  6
Continuous
 62
     7
370
    25
100
AcDbCircle
 10
-96.482059599
 20
20.2623721805
 30
0.0
 40
2.999999999999974
100
AcDbArc
 50
315.0
 51
0.0
  0
ARC
  5
956
330
1F
100
AcDbEntity
  8
0
  6
Continuous
 62
     7
370
    25
100
AcDbCircle
 10
-84.7006021895
 20
-95.6239248297
 30
0.0
 40
2.999999999999901
100
AcDbArc
 50
0.0
 51
45.0
  0
ARC
  5
957
330
1F
100
AcDbEntity
  8
0
  6
Continuous
 62
     7
370
    25
100
AcDbCircle
 10
-78.7716700014
 20
-84.5822942694
 30
0.0
 40
3.000000000000024
100
AcDbArc
 50
45.0
 51
135.0
  0
ARC
  5
958
330
1F
100
AcDbEntity
  8
0
  6
Continuous
 62
     7
370
    25
100
AcDbCircle
 10
-64.6295343777
 20
-84.5822942694
 30
0.0
 40
2.999999999999999
100
AcDbArc
 50
45.0
 51
135.0
  0
ARC
  5
959
330
1F
100
AcDbEntity
  8
0
  6
Continuous
 62
     7
370
    25
100
AcDbCircle
 10
-60.3868936905
 20
-88.8249349565
 30
0.0
 40
2.999999999999984
100
AcDbArc
 50
315.0
 51
45.0
  0
ARC
  5
95A
330
1F
100
AcDbEntity
  8
0
  6
Continuous
 62
     7
370
    25
100
AcDbCircle
 10
-58.7006021895
 20
-95.6239248297
 30
0.0
 40
3.00000000000007
100
AcDbArc
 50
135.0
 51
180.0
  0
ARC
  5
95B
330
1F
100
AcDbEntity
  8
0
  6
Continuous
 62
     7
370
    25
100
AcDbCircle
 10
-83.0143106885
 20
-88.8249349565
 30
0.0
 40
2.999999999999964
100
AcDbArc
 50
135.0
 51
225.0
  0
ARC
  5
95C
330
1F
100
AcDbEntity
  8
0
  6
Continuous
 62
     7
370
    25
100
AcDbCircle
 10
-53.2187873992
 20
-332.6511822163
 30
0.0
 40
263.0684775764943
100
AcDbArc
 50
80.592474624
 51
86.9644283144
  0
ARC
  5
95D
330
1F
100
AcDbEntity
  8
0
  6
Continuous
 62
     7
370
    25
100
AcDbCircle
 10
-53.2187873992
 20
-332.6511822162
 30
0.0
 40
263.0684775764323
100
AcDbArc
 50
93.0355716856
 51
99.407525376
  0
ARC
  5
95E
330
1F
100
AcDbEntity
  8
0
  6
Continuous
 62
     7
370
    25
100
AcDbCircle
 10
-50.9603086615
 20
-146.4242301262
 30
0.0
 40
99.86264796459206
100
AcDbArc
 50
70.0946322681
 51
109.9053677319
  0
ARC
  5
95F
330
1F
100
AcDbEntity
  8
0
  6
Continuous
 62
     7
370
    25
100
AcDbCircle
 10
45.1623762828
 20
36.52005477
 30
0.0
 40
122.8884121013987
100
AcDbArc
 50
275.8381262597
 51
290.4818680084
  0
ARC
  5
960
330
1F
100
AcDbEntity
  8
0
  6
Continuous
 62
     7
370
    25
100
AcDbCircle
 10
45.1623762828
 20
36.52005477
 30
0.0
 40
122.8884121013987
100
AcDbArc
 50
249.5181319916
 51
264.1618737403
  0
ARC
  5
961
330
1F
100
AcDbEntity
  8
0
  6
Continuous
 62
     7
370
    25
100
AcDbCircle
 10
-237.1202365456
 20
-24.9229693322
 30
0.0
 40
77.4178260869565
100
AcDbArc
 50
328.3703213247
 51
0.0
  0
ARC
  5
962
330
1F
100
AcDbEntity
  8
0
  6
Continuous
 62
     7
370
    25
100
AcDbCircle
 10
-132.9025358842
 20
46.0770306678
 30
0.0
 40
36.00462552938694
100
AcDbArc
 50
180.0
 51
206.3841480331
  0
ARC
  5
963
330
1F
100
AcDbEntity
  8
0
  6
Continuous
 62
     7
370
    25
100
AcDbCircle
 10
-265.5316651923
 20
-19.7149106665
 30
0.0
 40
112.0462626326597
100
AcDbArc
 50
358.8708179149
 51
26.3841480331
  0
ARC
  5
964
330
1F
100
AcDbEntity
  8
0
  6
Continuous
 62
     7
370
    25
100
AcDbCircle
 10
-264.5847624952
 20
-19.7335745895
 30
0.0
 40
111.0991760157578
100
AcDbArc
 50
327.1962825482
 51
358.8708179149
  0
ARC
  5
965
330
1F
100
AcDbEntity
  8
0
  6
Continuous
 62
     7
370
    25
100
AcDbCircle
 10
-160.9652073673
 20
-86.5213366306
 30
0.0
 40
12.17944079735683
100
AcDbArc
 50
147.1962825482
 51
179.5372453952
  0
ARC
  5
966
330
1F
100
AcDbEntity
  8
0
  6
Continuous
 62
     7
370
    25
100
AcDbCircle
 10
-317.580819178
 20
-85.2563888092
 30
0.0
 40
144.4412792744598
100
AcDbArc
 50
337.1167844172
 51
359.5372453952
  0
ARC
  5
967
330
1F
100
AcDbEntity
  8
0
  6
Continuous
 62
     7
370
    25
100
AcDbCircle
 10
-192.5071577051
 20
-176.802834405
 30
0.0
 40
36.27305877962028
100
AcDbArc
 50
77.258704253
 51
102.7413077584
  0
ARC
  5
968
330
1F
100
AcDbEntity
  8
0
  6
Continuous
 62
     7
370
    25
100
AcDbCircle
 10
-200.5071614136
 20
-99.4229710093
 30
0.0
 40
18.00000000000003
100
AcDbArc
 50
270.0
 51
90.0
  0
ARC
  5
969
330
1F
100
AcDbEntity
  8
0
  6
Continuous
 62
     7
370
    25
100
AcDbCircle
 10
-200.5071614136
 20
22.5770289907
 30
0.0
 40
18.0
100
AcDbArc
 50
270.0
 51
90.0
  0
ARC
  5
96A
330
1F
100
AcDbEntity
  8
0
  6
Continuous
 62
     7
370
    25
100
AcDbCircle
 10
-204.5828452412
 20
-6.9229693322
 30
0.0
 40
44.88043478260843
100
AcDbArc
 50
0.0
 51
41.9469868426
  0
ARC
  5
96B
330
1F
100
AcDbEntity
  8
0
  6
Continuous
 62
     7
370
    25
100
AcDbCircle
 10
-185.1711118456
 20
-22.2916961108
 30
0.0
 40
77.41782608695651
100
AcDbArc
 50
328.3703213247
 51
0.0
  0
ARC
  5
96C
330
1F
100
AcDbEntity
  8
0
  6
Continuous
 62
     7
370
    25
100
AcDbCircle
 10
-80.9534111842
 20
48.7083038892
 30
0.0
 40
36.00462552938705
100
AcDbArc
 50
180.0
 51
206.3841480331
  0
ARC
  5
96D
330
1F
100
AcDbEntity
  8
0
  6
Continuous
 62
     7
370
    25
100
AcDbCircle
 10
-213.5825404924
 20
-17.0836374451
 30
0.0
 40
112.0462626326606
100
AcDbArc
 50
358.8708179149
 51
26.3841480331
  0
ARC
  5
96E
330
1F
100
AcDbEntity
  8
0
  6
Continuous
 62
     7
370
    25
100
AcDbCircle
 10
-212.6356377952
 20
-17.102301368
 30
0.0
 40
111.0991760157586
100
AcDbArc
 50
327.1962825482
 51
358.8708179149
  0
ARC
  5
96F
330
1F
100
AcDbEntity
  8
0
  6
Continuous
 62
     7
370
    25
100
AcDbCircle
 10
-109.0160826674
 20
-83.8900634092
 30
0.0
 40
12.17944079735698
100
AcDbArc
 50
147.1962825482
 51
179.5372453952
  0
ARC
  5
970
330
1F
100
AcDbEntity
  8
0
  6
Continuous
 62
     7
370
    25
100
AcDbCircle
 10
-265.631694478
 20
-82.6251155878
 30
0.0
 40
144.4412792744576
100
AcDbArc
 50
337.1167844172
 51
359.5372453952
  0
ARC
  5
971
330
1F
100
AcDbEntity
  8
0
  6
Continuous
 62
     7
370
    25
100
AcDbCircle
 10
-140.5580330051
 20
-174.1715611835
 30
0.0
 40
36.27305877962199
100
AcDbArc
 50
77.258704253
 51
102.7413077584
  0
ARC
  5
972
330
1F
100
AcDbEntity
  8
0
  6
Continuous
 62
     7
370
    25
100
AcDbCircle
 10
-148.5580367136
 20
-96.7916977879
 30
0.0
 40
18.00000000000001
100
AcDbArc
 50
270.0
 51
90.0
  0
ARC
  5
973
330
1F
100
AcDbEntity
  8
0
  6
Continuous
 62
     7
370
    25
100
AcDbCircle
 10
-148.5580367136
 20
25.2083022121
 30
0.0
 40
18.00000000000001
100
AcDbArc
 50
270.0
 51
90.0
  0
ARC
  5
974
330
1F
100
AcDbEntity
  8
0
  6
Continuous
 62
     7
370
    25
100
AcDbCircle
 10
-152.6337205413
 20
-4.2916961108
 30
0.0
 40
44.88043478260848
100
AcDbArc
 50
0.0
 51
41.9469868426
  0
ARC
  5
975
330
1F
100
AcDbEntity
  8
0
  6
Continuous
 62
     7
370
    25
100
AcDbCircle
 10
151.358557312
 20
-239.9450307748
 30
0.0
 40
109.9276433741515
100
AcDbArc
 50
66.9729045924
 51
113.0270954076
  0
MTEXT
  5
977
330
1F
100
AcDbEntity
  8
0
  6
Continuous
 62
     7
100
AcDbMText
 10
-201.0378782034
 20
-142.442537401
 30
0.0
 40
4.83362
 41
0.0
 71
     1
 72
     1
  1
SOLIDWORKS Educational Product.
  7
SLDTEXTSTYLE0
 73
     1
 44
1.0
  0
MTEXT
  5
978
330
1F
100
AcDbEntity
  8
0
  6
Continuous
 62
     7
100
AcDbMText
 10
-201.0378782034
 20
-149.692967401
 30
0.0
 40
4.83362
 41
0.0
 71
     1
 72
     1
  1
For Instructional Use Only.
  7
SLDTEXTSTYLE0
 73
     1
 44
1.0
  0
ENDSEC
  0
SECTION
  2
OBJECTS
  0
DICTIONARY
  5
C
330
0
100
AcDbDictionary
281
     1
  3
ACAD_GROUP
350
D
  3
ACAD_LAYOUT
350
1A
  3
ACAD_MLINESTYLE
350
17
  3
ACAD_PLOTSETTINGS
350
19
  3
ACAD_PLOTSTYLENAME
350
E
  3
ACAD_SCALELIST
350
47
  3
DWGPROPS
350
979
  0
DICTIONARY
  5
D
102
{ACAD_REACTORS
330
C
102
}
330
C
100
AcDbDictionary
281
     1
  0
DICTIONARY
  5
1A
102
{ACAD_REACTORS
330
C
102
}
330
C
100
AcDbDictionary
281
     1
  3
Layout1
350
1E
  3
Layout2
350
26
  3
Model
350
22
  0
DICTIONARY
  5
17
102
{ACAD_REACTORS
330
C
102
}
330
C
100
AcDbDictionary
281
     1
  3
Standard
350
18
  0
DICTIONARY
  5
19
102
{ACAD_REACTORS
330
C
102
}
330
C
100
AcDbDictionary
281
     1
  0
ACDBDICTIONARYWDFLT
  5
E
102
{ACAD_REACTORS
330
C
102
}
330
C
100
AcDbDictionary
281
     1
  3
Normal
350
F
100
AcDbDictionaryWithDefault
340
F
  0
DICTIONARY
  5
47
102
{ACAD_REACTORS
330
C
102
}
330
C
100
AcDbDictionary
281
     1
  3
A0
350
48
  3
A1
350
49
  3
A2
350
4A
  3
A3
350
4B
  3
A4
350
4C
  3
A5
350
4D
  3
A6
350
4E
  3
A7
350
4F
  3
A8
350
50
  3
A9
350
51
  3
B0
350
52
  3
B1
350
53
  3
B2
350
54
  3
B3
350
55
  3
B4
350
56
  3
B5
350
57
  3
B6
350
58
  0
XRECORD
  5
979
102
{ACAD_REACTORS
330
C
102
}
330
C
100
AcDbXrecord
280
     1
  1
DWGPROPS COOKIE
  2

  3

  4

  6

  7

  8
jim32
  9

300
=
301
=
302
=
303
=
304
=
305
=
306
=
307
=
308
=
309
=
 40
0.0
 41
2460905.43808926
 42
2460905.438709039
  1

 90
        0
  0
LAYOUT
  5
1E
102
{ACAD_REACTORS
330
1A
102
}
330
1A
100
AcDbPlotSettings
  1

  2
none_device
  4

  6

 40
0.0
 41
0.0
 42
0.0
 43
0.0
 44
0.0
 45
0.0
 46
0.0
 47
0.0
 48
0.0
 49
0.0
140
0.0
141
0.0
142
1.0
143
1.0
 70
   688
 72
     1
 73
     0
 74
     5
  7

 75
    16
147
1.0
148
0.0
149
0.0
100
AcDbLayout
  1
Layout1
 70
     1
 71
     1
 10
0.0
 20
0.0
 11
420.0
 21
297.0
 12
0.0
 22
0.0
 32
0.0
 14
1.0000000000E+20
 24
1.0000000000E+20
 34
1.0000000000E+20
 15
-1.0000000000E+20
 25
-1.0000000000E+20
 35
-1.0000000000E+20
146
0.0
 13
0.0
 23
0.0
 33
0.0
 16
1.0
 26
0.0
 36
0.0
 17
0.0
 27
1.0
 37
0.0
 76
     0
330
1B
  0
LAYOUT
  5
26
102
{ACAD_REACTORS
330
1A
102
}
330
1A
100
AcDbPlotSettings
  1

  2
none_device
  4

  6

 40
0.0
 41
0.0
 42
0.0
 43
0.0
 44
0.0
 45
0.0
 46
0.0
 47
0.0
 48
0.0
 49
0.0
140
0.0
141
0.0
142
1.0
143
1.0
 70
   688
 72
     1
 73
     0
 74
     5
  7

 75
    16
147
1.0
148
0.0
149
0.0
100
AcDbLayout
  1
Layout2
 70
     1
 71
     2
 10
0.0
 20
0.0
 11
0.0
 21
0.0
 12
0.0
 22
0.0
 32
0.0
 14
0.0
 24
0.0
 34
0.0
 15
0.0
 25
0.0
 35
0.0
146
0.0
 13
0.0
 23
0.0
 33
0.0
 16
1.0
 26
0.0
 36
0.0
 17
0.0
 27
1.0
 37
0.0
 76
     0
330
23
  0
LAYOUT
  5
22
102
{ACAD_REACTORS
330
1A
102
}
330
1A
100
AcDbPlotSettings
  1

  2
none_device
  4
ANSI_A_(11.00_x_8.50_Inches)
  6

 40
6.35
 41
19.05
 42
6.35000508
 43
19.05000254
 44
279.4
 45
215.9
 46
133.5379595907
 47
89.4333754866
 48
0.0
 49
0.0
140
0.0
141
0.0
142
0.0271212576
143
1.0
 70
  1696
 72
     0
 73
     0
 74
     0
  7

 75
     0
147
0.0179189148
148
-1300.4909072572
149
0.0
100
AcDbLayout
  1
Model
 70
     1
 71
     0
 10
0.0
 20
0.0
 11
420.0
 21
297.0
 12
0.0
 22
0.0
 32
0.0
 14
-201.0378782034
 24
-141.4229710093
 34
0.0
 15
200.4921746085
 25
139.8744377364
 35
0.0
146
0.0
 13
0.0
 23
0.0
 33
0.0
 16
1.0
 26
0.0
 36
0.0
 17
0.0
 27
1.0
 37
0.0
 76
     0
330
1F
331
29
  0
MLINESTYLE
  5
18
102
{ACAD_REACTORS
330
17
102
}
330
17
100
AcDbMlineStyle
  2
Standard
 70
     0
  3

 62
   256
 51
90.0
 52
90.0
 71
     2
 49
0.5
 62
   256
  6
BYLAYER
 49
-0.5
 62
   256
  6
BYLAYER
  0
ACDBPLACEHOLDER
  5
F
102
{ACAD_REACTORS
330
E
102
}
330
E
  0
SCALE
  5
48
102
{ACAD_REACTORS
330
47
102
}
330
47
100
AcDbScale
 70
     0
300
1:1
140
1.0
141
1.0
290
     1
  0
SCALE
  5
49
102
{ACAD_REACTORS
330
47
102
}
330
47
100
AcDbScale
 70
     0
300
1:2
140
1.0
141
2.0
290
     0
  0
SCALE
  5
4A
102
{ACAD_REACTORS
330
47
102
}
330
47
100
AcDbScale
 70
     0
300
1:4
140
1.0
141
4.0
290
     0
  0
SCALE
  5
4B
102
{ACAD_REACTORS
330
47
102
}
330
47
100
AcDbScale
 70
     0
300
1:5
140
1.0
141
5.0
290
     0
  0
SCALE
  5
4C
102
{ACAD_REACTORS
330
47
102
}
330
47
100
AcDbScale
 70
     0
300
1:8
140
1.0
141
8.0
290
     0
  0
SCALE
  5
4D
102
{ACAD_REACTORS
330
47
102
}
330
47
100
AcDbScale
 70
     0
300
1:10
140
1.0
141
10.0
290
     0
  0
SCALE
  5
4E
102
{ACAD_REACTORS
330
47
102
}
330
47
100
AcDbScale
 70
     0
300
1:16
140
1.0
141
16.0
290
     0
  0
SCALE
  5
4F
102
{ACAD_REACTORS
330
47
102
}
330
47
100
AcDbScale
 70
     0
300
1:20
140
1.0
141
20.0
290
     0
  0
SCALE
  5
50
102
{ACAD_REACTORS
330
47
102
}
330
47
100
AcDbScale
 70
     0
300
1:30
140
1.0
141
30.0
290
     0
  0
SCALE
  5
51
102
{ACAD_REACTORS
330
47
102
}
330
47
100
AcDbScale
 70
     0
300
1:40
140
1.0
141
40.0
290
     0
  0
SCALE
  5
52
102
{ACAD_REACTORS
330
47
102
}
330
47
100
AcDbScale
 70
     0
300
1:50
140
1.0
141
50.0
290
     0
  0
SCALE
  5
53
102
{ACAD_REACTORS
330
47
102
}
330
47
100
AcDbScale
 70
     0
300
1:100
140
1.0
141
100.0
290
     0
  0
SCALE
  5
54
102
{ACAD_REACTORS
330
47
102
}
330
47
100
AcDbScale
 70
     0
300
2:1
140
2.0
141
1.0
290
     0
  0
SCALE
  5
55
102
{ACAD_REACTORS
330
47
102
}
330
47
100
AcDbScale
 70
     0
300
4:1
140
4.0
141
1.0
290
     0
  0
SCALE
  5
56
102
{ACAD_REACTORS
330
47
102
}
330
47
100
AcDbScale
 70
     0
300
8:1
140
8.0
141
1.0
290
     0
  0
SCALE
  5
57
102
{ACAD_REACTORS
330
47
102
}
330
47
100
AcDbScale
 70
     0
300
10:1
140
10.0
141
1.0
290
     0
  0
SCALE
  5
58
102
{ACAD_REACTORS
330
47
102
}
330
47
100
AcDbScale
 70
     0
300
100:1
140
100.0
141
1.0
290
     0
  0
ENDSEC
  0
EOF
